Filename,symmetry_index,aspect_ratio,pixel_ratio,Red Min,Red Max,Red Mean,Green Min,Green Max,Green Mean,Blue Min,Blue Max,Blue Mean,Red Median,Red Std Dev,Green Median,Green Std Dev,Blue Median,Blue Std Dev,Blue Entropy,Green Entropy,Red Entropy,Area-Perimeter Ratio,Contour Perimeter,Hu Moment 1,Hu Moment 2,Hu Moment 3,Hu Moment 4,Hu Moment 5,Hu Moment 6,Hu Moment 7
1,66.64550436689797,0.8369826410720307,0.007428041666666667,5,208,68.08574489687165,3,199,54.88274724719952,1,193,39.89286415473246,56.0,47.955398851745045,37.0,45.31119677847598,24.0,36.25074695745675,6.47609,6.9447875,7.2400455,24.048238382527586,7396.986721873283,0.6889783167792382,3.5459273944178573,3.367619755097936,4.927408059478608,9.069141546649327,-6.874668540292728,9.322314250753733
2,66.64550436689797,0.6854201771569693,0.008553,2,248,63.786497914961615,2,251,52.07965041505904,1,244,35.74698836279995,55.0,42.153507582366785,34.0,42.86612366914757,19.0,34.61711714803009,6.3368015,6.7796173,7.06175,25.26699612068053,8095.916864156723,0.6302567607522116,2.6045800780461206,2.410479969421572,3.6401050896982405,-7.068447316478671,4.943744351398646,6.701985717416525
3,66.64550436689797,0.8074667161680367,0.022093125,3,255,107.17633313530793,2,255,87.79487547007548,1,255,65.01694298814107,114.0,58.77135873718156,86.0,60.05760424323768,52.0,54.823595689308156,7.297956,7.555668,7.691217,44.954050834657,11725.595140218735,0.6832299776101836,4.422659548384705,2.5362009104671386,4.141483414966025,7.479600368083644,6.361746211888531,-8.740402024688404
4,66.64550436689797,0.7124551343638821,0.013187375,5,219,87.58824254258334,3,213,71.03185180270272,1,201,50.4451263834548,88.0,46.32258744701816,61.0,46.08575993578402,36.0,37.445620697219006,6.782822,7.0726194,7.123428,31.289472125086714,10101.06526362896,0.6666016787653196,2.1963482405227643,3.777917194331809,4.505277769860811,-9.09397091553693,6.380032393044456,8.64942481653494
5,66.64550436689797,0.7500184981749349,0.009164625,6,255,123.1770030597724,1,250,100.89842236872016,1,245,80.98114675060039,134.0,62.355944159380286,91.0,63.029354606891445,63.0,60.62496157686189,7.383201,7.531218,7.651067,28.57167941383333,7627.62303340435,0.5983128616879989,2.3322392840722337,2.264125666359857,3.114500960220604,5.888996396446667,5.928306375218582,-6.0480994975377005
6,66.64550436689797,0.9470990979107503,0.005916833333333333,7,201,100.47562040505902,4,199,84.3832779358328,1,204,68.36673168876713,109.0,49.63504030114972,78.0,51.36793580317763,55.0,48.982371333055475,7.175916,7.279962,7.3353653,27.16491541264824,5174.744624257088,0.6415951156687627,2.0494261303660815,2.499617810861769,3.388157978223532,6.3329874160374615,4.452916561486255,7.492144874037288
7,66.64550436689797,0.4603287618443225,0.00565875,11,238,91.57896325749209,9,234,72.75433325970106,4,223,50.997989838745305,87.0,41.37874968559628,70.0,36.76008197680118,42.0,34.73129526181651,6.6722713,7.05097,7.3228636,28.705272996507826,4728.295042395592,0.6219497933227024,1.5777309437873197,4.087757961208045,4.721664795298506,9.85710096258348,-5.773445120852047,-9.072373425343345
8,66.64550436689797,0.5978617999979519,0.007454083333333333,4,168,55.60429406701025,4,171,43.240164786638196,3,183,36.929926550324765,47.0,35.66732309580311,31.0,35.56519093882558,24.0,37.34231347870392,6.225748,6.4589543,6.81497,30.57569385723643,5815.436301469803,0.5855967930342708,1.5869133536743774,2.9864570179742818,3.634305810783682,-6.969927613409995,-4.508137619641228,7.420111432450918
9,66.64550436689797,0.9474276191570501,0.0071994166666666665,6,255,87.62007338557522,3,255,71.39061613788154,1,254,68.25644780404232,93.0,52.732799317952306,64.0,51.894715129430246,57.0,54.63180011861349,6.929246,6.960728,7.3466887,27.993465020963427,6172.58348941803,0.616610209298387,2.8614172948484455,1.9706069953900225,3.8076838701707936,-6.785897993278884,5.404229850839413,-6.932465161650712
10,66.64550436689797,0.7968611165062142,0.015783458333333333,4,255,82.97670029012441,1,255,63.63558747046478,1,255,60.463047422364596,80.0,52.421580903076965,48.0,48.94095558910766,45.0,50.82663964478578,6.973985,6.968501,7.3461246,46.01915275009122,8185.048561096191,0.671124273916934,3.136280087603541,2.6255099759490443,5.328335856696392,9.27931947553721,-7.059416632137786,9.45224334686773
11,66.64550436689797,0.9282925986326115,0.013630916666666666,12,255,120.44338849796112,2,246,89.04904292325656,1,255,82.3208496144509,124.0,45.803679936673696,90.0,42.44465622019857,80.0,46.70092122044808,7.4623914,7.369027,7.5088167,53.52176359326301,6116.399722695351,0.7018839361917585,2.673337893731168,3.0064053370574113,5.025773695111826,9.664789249984171,6.366938486125835,8.999737773537394
12,66.64550436689797,0.8913043775223994,0.018040083333333335,10,235,109.42017544264854,1,195,75.5980297955884,1,255,82.70257829227113,108.0,44.65068681391251,72.0,37.5926957726924,73.0,51.19626268048209,7.3807154,7.1891217,7.4803534,50.437726609841846,8535.852603554726,0.6577116306816104,3.623370278697092,2.6175179890715112,3.659292980193805,6.8478773257028775,5.847203183411599,-7.1386518160680525
13,66.64550436689797,0.47183106936392566,0.01632,5,255,104.91751429738562,3,255,78.35397263071896,1,255,52.78378793896455,100.0,47.95069201817908,71.0,42.87685784035862,43.0,39.571520268579995,7.027593,7.3389945,7.567187,41.74027181854539,9372.111942648888,0.6030541175536244,1.5529234055271377,2.786618540641927,3.3041700664288984,6.382467754530245,4.1248434545297235,-6.7746683136446535
14,66.64550436689797,0.815253639147237,0.010996041666666666,10,255,137.159940129971,1,245,107.28404483482505,1,255,99.56432964609316,136.0,52.058052457106484,103.0,48.880828105754325,91.0,51.476520825639454,7.582676,7.5581083,7.676814,41.822469993486266,6268.0898579359055,0.6822943523482418,2.7894604292107728,2.5903681017242906,4.8730010446455125,8.626879970426284,-6.2874515871020416,8.946710310553618
15,66.64550436689797,0.8430820096023685,0.015960666666666668,9,255,123.58951432688693,1,254,94.87984921107316,1,255,80.79363384282783,125.0,51.207615915481725,98.0,45.32117091181814,82.0,41.5175954718133,7.3173122,7.449397,7.6625476,30.774262008665303,12471.314499497414,0.6082566495502914,2.542849783101838,3.4468231269942216,3.831957320672886,7.520634188056897,-5.177314017979907,7.809161362926871
16,66.64550436689797,0.5956641074753817,0.016806708333333333,13,255,107.12669792072114,1,255,87.01991783953173,1,255,66.91991877075053,100.0,46.72087409835131,84.0,40.77949541829756,62.0,34.57744720677461,7.0407305,7.3014464,7.479871,40.07179413281791,10016.010230779648,0.5266302471873526,1.5813088723040776,2.107379099073049,2.6040831995536697,4.99182783325691,3.3988515745618355,5.391297848597589
17,66.64550436689797,0.9460794189824291,0.014791666666666667,3,255,122.81285070422535,1,255,106.69242884876012,1,255,75.13516950712783,117.0,48.48137159819738,110.0,47.31637552320597,66.0,44.37497448299574,7.363329,7.531463,7.555702,41.688650945424946,8468.144015073776,0.6504077285375568,3.232457899422815,2.6894683945339333,4.384213975404862,-8.898499124857643,6.2745253101349485,7.919486177286109
18,66.64550436689797,0.799720454304738,0.013739375,17,255,137.03837207539158,2,255,112.9003466335904,1,255,96.13840283654386,133.0,49.88789876042468,110.0,47.94826171025425,88.0,48.8387449664923,7.542911,7.5678453,7.6148615,39.44137473545137,8316.761324882507,0.5787451984608792,3.1052067812581456,1.818895545110714,2.623571327008013,-4.850618524210669,-4.774551406496296,5.6337226895718695
19,66.64550436689797,0.8422396526504353,0.012374958333333333,7,255,107.66460156431503,1,255,88.38304269797605,1,255,65.93968676321994,106.0,37.61886929525813,96.0,38.37863581415881,63.0,33.291459253623856,6.9263487,7.144541,7.1337113,36.53960818813905,8115.056912302971,0.6641540032951126,2.5296006555132493,2.522907408177441,3.534990192744156,7.116674675319278,4.824731329269391,6.581463031038953
20,66.64550436689797,0.9647940596692237,0.019336625,8,255,91.69727136974524,1,255,68.30191700175409,1,255,60.71749021336168,88.0,55.17673290675578,61.0,47.40641279552245,49.0,45.91920867051525,7.14778,7.247908,7.5888205,63.300005339166894,7282.803493142128,0.6303928761748069,2.283385181088349,2.425729346350277,3.532973945474943,-6.516549251835307,-5.117099147296621,7.361833970591402
21,66.64550436689797,0.619732437299047,0.016043791666666668,14,235,123.07637429846956,3,207,101.78055374482861,1,255,100.21618006477637,119.0,41.17356949408899,104.0,37.92597211324834,97.0,45.57098349712698,7.4756575,7.202653,7.3285108,35.629239650777656,11043.485739707947,0.5680251815276266,1.7808627465026676,4.042483863864412,4.474463358081004,8.746440720689243,-6.3626217251381885,9.073221763154761
22,66.64550436689797,0.7152270357781394,0.013813416666666667,9,255,146.08903179879465,1,255,105.83070500368007,1,255,104.0519539757675,162.0,68.4192435397954,111.0,59.33762373156722,99.0,66.66994484915942,7.839306,7.7192774,7.860942,36.10090772384032,9139.368531227112,0.6573425990180702,3.1221339496299723,2.5725761201224504,3.7029381528612344,6.912235963564109,5.334436111062524,7.115112756544264
23,66.64550436689797,0.4154141423998046,0.016773916666666666,4,255,116.20372155181407,1,255,98.59345059629233,1,255,81.48870069830355,119.0,46.68012376230329,103.0,47.23387425382765,77.0,45.552661355767974,7.439542,7.50224,7.531464,39.690849061544,10133.721235752106,0.5320227027617392,1.3071351870452865,2.4436811075218943,3.456509009936932,-6.55561437832723,-4.169144507995569,-6.558319340582983
24,66.64550436689797,0.957852106698235,0.022504791666666666,1,255,77.35884290451408,1,255,51.63498411428825,1,255,50.18093375485463,75.0,44.1364841919306,44.0,34.653588575308454,38.0,39.572557564809976,6.9349446,6.9052925,7.39471,57.46080144348996,9383.26626944542,0.6526571716016352,3.378343702300902,2.5434606077255224,4.226824973412586,8.047172185994786,6.581719432016195,7.640751298618833
25,66.64550436689797,0.5446945008152119,0.011481458333333333,4,255,98.57262615448822,1,255,88.23314909507928,1,255,82.77229518085423,103.0,49.209520443925015,93.0,49.10744914858367,87.0,47.791230136855766,7.380629,7.4482245,7.4761195,31.586210148867252,8767.243638753891,0.5771424707198961,1.8985372709993469,2.494986999375563,3.3931292009176657,6.345045280909934,4.884673094278279,-7.058740659929029
26,66.64550436689797,0.917858356204371,0.016388666666666666,3,255,102.49157191961925,2,255,84.50395344343652,1,255,89.85138622950153,110.0,66.54924628065606,87.0,56.551863801877325,86.0,64.94403726542984,7.661168,7.5030785,7.6725006,38.85752738686747,10084.506821513176,0.6012411514389153,2.1476423489730023,2.268917455877341,3.1645378195715224,5.955091882421796,4.3703590842786175,6.151247217163247
27,66.64550436689797,0.7281891596410799,0.0037650416666666665,9,255,108.01700955058045,2,255,73.94404541882933,1,255,60.12025091989183,108.0,44.818181233127966,69.0,41.26398317986871,52.0,40.269370113633066,7.091366,7.252641,7.469696,22.435606455571225,4052.932564139366,0.6916944165693933,2.0701583451663135,2.980825748108082,3.8483257775178896,7.263297207537906,4.9763722249805475,-8.383074750798814
28,66.64550436689797,0.863043488777842,0.0075635,9,255,152.47568916506907,4,255,129.38861527952227,1,255,111.50521444508718,170.0,59.95392429036446,141.0,59.317604735833484,111.0,61.911638080460975,7.8002133,7.742768,7.6683464,22.84213471686121,7869.141926884651,0.645561566666593,2.04167313977928,2.7576820350072646,3.6071731975891925,6.976479669410049,4.6795392570276775,6.90832452198889
29,66.64550436689797,0.7448958110241753,0.014925208333333334,1,255,95.33791826957973,1,255,78.60833379864873,1,255,68.75452267833053,93.0,57.236789498780425,72.0,54.29438669731922,58.0,50.89894394597426,7.3823776,7.5117702,7.6640778,38.26614369832364,9327.958490252495,0.6701973914879241,2.0629414246759463,3.038150601531273,3.802189779731378,-7.221667941823804,-4.8614284056710035,-9.0842754596528
30,66.64550436689797,0.9179231833176461,0.017855458333333334,21,255,138.3798908363689,1,255,99.07096701927318,1,255,77.35321555199492,132.0,49.31233198542175,100.0,44.21555971264026,69.0,48.507611069783465,7.446199,7.4112554,7.551549,51.53482859807931,8275.810972929,0.6757233321298817,2.8424107382026125,2.328725639647412,4.386310734042468,8.91430740731166,-5.823447061384063,7.742260830232358
31,66.64550436689797,0.9485857713272674,0.011362125,8,255,130.80313615044133,1,255,110.84368158364718,2,255,93.56331985023122,139.0,50.07429689633281,120.0,49.40002021304206,95.0,47.63672063629761,7.4997025,7.502301,7.5686636,86.90103568577663,3121.297667622566,0.6834045385996504,3.039877715734176,2.7598890223531365,3.499700089659484,-6.753005598672192,5.025129159425993,6.81025442522852
32,66.64550436689797,0.7783381454904102,0.009864166666666667,2,255,91.086939258258,1,255,76.28373863199558,2,255,74.69476383174649,81.0,68.51819481173814,61.0,60.8616971237911,58.0,58.45082250831513,7.475281,7.48414,7.6329165,62.21211700361334,3777.0134069919586,0.6193042332110129,2.736072444796389,2.46306704511664,3.199365434512083,6.148950015047401,4.660387879194945,-6.218687360772627
33,66.64550436689797,0.7858479618224581,0.008155916666666667,6,255,84.73465071369456,2,255,70.85525845245272,1,255,55.497647377374975,77.0,55.267635366736165,63.0,50.385320929257716,42.0,44.80968301857826,7.0373564,7.353355,7.530644,50.43588679688837,3845.0895248651505,0.5977326598267843,2.69328619257222,1.933341920005996,2.9660061393546915,-5.428417183430522,-4.353894235266218,-6.037621909107766
34,66.64550436689797,0.8269842506278396,0.0080445,7,255,79.30026208382539,5,255,65.87739034951416,1,255,44.361349938069104,70.0,51.360768548920966,51.0,48.33149801074313,32.0,36.9909169742142,6.7684784,7.1615334,7.4441767,49.03721710202911,3898.38598716259,0.5532165024523995,2.7433829357869373,1.8066139371239796,2.9052999340883594,5.3245205896151,4.296287393586043,5.559878440148331
35,66.64550436689797,0.583006500494487,0.00541725,5,192,71.2880612857077,5,188,57.11564139246543,1,182,48.08545496500269,57.0,48.883767544162055,37.0,49.54143218502322,28.0,47.2021851276119,6.69293,6.8613157,7.243291,55.03548007865209,2342.388942837715,0.6722400244077025,1.878479962435612,3.619420198948549,4.701492737065252,9.160839623395985,-7.724626438368718,8.8726183684747
36,66.64550436689797,0.926838984166608,0.009457333333333333,9,255,111.74829497391795,7,255,88.43912572254335,5,238,63.46918616946285,118.0,50.74702261561796,97.0,46.2221421554381,65.0,35.499562430911034,6.973955,7.3335032,7.5727053,56.59596775630067,3977.7657123804092,0.6213034143085019,3.0075414335989197,2.1246690466697586,4.068548433766941,7.165580568203004,-5.714684365290175,-8.3126111883217
37,66.64550436689797,0.9876209713353613,0.0104475,11,255,142.60352556432957,8,255,117.72198691872059,3,255,91.58783834983788,151.0,63.649250228512784,128.0,62.295756441217904,88.0,53.26071983320733,7.5901566,7.7075577,7.7865434,62.918672824014145,3955.057995200157,0.5808768689197222,2.2919686705904034,2.0612440335749227,3.0385759726765844,5.964811053017292,4.193891259417776,5.630692013805447
38,66.64550436689797,0.8090656326954085,0.01157,3,255,111.84223149752052,1,255,92.68099266413854,1,255,73.76012702486429,109.0,47.0269654511382,91.0,45.57876729106329,65.0,44.09892690014207,7.3403554,7.486216,7.5575943,84.0121271306193,3294.75647687912,0.719855004466016,2.507045509003238,2.934633223409851,4.175085844577291,7.7557434426945635,5.503128126064481,-8.179955573611107
39,66.64550436689797,0.8446601941747572,0.016584833333333333,4,255,92.50466791948467,1,255,68.24639495280826,1,255,53.44594458565065,87.0,50.42578035190769,65.0,44.58816868058127,45.0,41.98480314162374,6.904958,7.202549,7.453475,83.73714814279835,4726.337220430374,0.692474219806053,2.8237793756767835,2.6750404971546553,4.457475079498103,8.679838824509396,6.056474300587719,8.028879712593291
40,66.64550436689797,0.8891428571428571,0.01470125,8,210,85.4321798033047,5,191,71.09253181418813,1,152,56.066102978079094,90.0,39.00912966809165,72.0,34.21862788442583,52.0,29.16526743057317,6.7631783,6.999942,7.1366963,78.66296233789177,4453.055028557777,0.6398179332876458,3.2145465571496623,2.2588673851867505,3.555402892409395,6.5148620522316785,5.382661252586798,6.7964099457353075
41,66.64550436689797,0.4409236568656111,0.0093895,8,255,107.5233061753377,5,255,97.90795125761045,2,255,77.16873163934572,101.0,55.845213272471106,89.0,55.901935027795396,62.0,52.38133532489914,7.3504496,7.5564632,7.5825915,72.16504001614105,3102.021421313286,0.5774909680610102,1.4438938053612886,2.702021453594684,3.1917548472651855,6.138651114281747,3.9138697021234603,-7.888159410554596
42,66.64550436689797,0.9313056253366975,0.013253875,3,255,108.27123514192391,1,255,92.45729429961897,1,255,76.2890383212138,102.0,46.35064452495272,91.0,45.368179585141895,68.0,42.863069925177264,7.340931,7.461849,7.507256,72.29644866008526,4374.018445730209,0.7043380718215679,3.4307826733272786,4.247425483568262,4.2689459477155856,-8.781615707315423,-6.015152503861627,-8.579674018734911
43,66.64550436689797,0.6037816422826089,0.019391333333333333,11,255,119.0475448654038,1,255,85.42323824421773,1,255,76.52156340026659,122.0,47.99796880583717,84.0,44.95245864802464,79.0,42.7223091356597,7.2974706,7.4272785,7.56929,89.01910136330315,5200.226613283157,0.6214027111034451,1.9638130360479598,2.80235670477652,4.0359972254764624,-8.40978349736105,5.121572945688149,7.456486250167907
44,66.64550436689797,0.9530678969598909,0.012554333333333334,9,255,127.00183867456124,1,255,103.29490872884169,1,255,88.44522935353442,127.0,48.30789912343073,106.0,45.1959315936269,85.0,45.46596517587922,7.448205,7.4537573,7.567196,81.84769756672092,3660.011324763298,0.62768547990634,3.7172619233585276,1.996420698718752,3.449392367841616,-6.21005355055525,-5.708931270937448,6.57026378917963
45,66.64550436689797,0.9115611121332741,0.013615416666666666,9,235,89.05096857116627,6,217,74.80014689230957,1,250,47.3456859659971,79.0,46.040288134023065,68.0,42.82184800071397,32.0,42.04209301943399,6.747534,7.2126465,7.3784847,71.81249594824493,4521.128192424774,0.6615994626473134,2.2352382556895254,3.2139261676198463,5.46981861579088,9.610574795074658,-6.684623763741529,-9.817370389295586
46,66.64550436689797,0.9451582354052109,0.020934458333333333,5,255,98.75631484772913,2,243,84.42261546974082,1,241,68.48817466337759,98.0,45.116983404329694,84.0,42.30267497143755,60.0,44.161856556184176,7.277279,7.3150587,7.4614835,100.88033328958493,4957.36367726326,0.710954911722042,3.7767772178434855,2.6114997412861958,4.870311576830614,8.629918682051944,6.760265919243536,8.968049174551126
47,66.64550436689797,0.9710386578724336,0.012116,3,255,94.8547272202047,1,243,82.95568455768814,1,255,109.72384306873138,87.0,59.198221012850674,78.0,52.42729801160636,97.0,66.94287514806337,7.805984,7.3948565,7.570297,73.67151432992365,3921.8346823453903,0.668492555949252,3.2499536979597416,2.258978750711482,4.504832473971678,8.019320705007347,6.313617072808652,-8.04664032750731
48,66.64550436689797,0.6558773795828332,0.009546375,6,255,109.06776568767377,4,237,89.05055583925835,4,255,110.66532671651106,111.0,62.73058274468275,87.0,54.26655384488815,101.0,66.23459967379456,7.767849,7.5021524,7.7175016,70.73775078649372,3217.383892893791,0.6734106261503675,2.114767839650166,2.4623011142726137,3.807326876628086,7.490821329417349,-5.637833807543052,-6.959715242689154
49,66.64550436689797,0.6865629693639261,0.01780525,32,255,181.83911814399312,14,255,184.90425576725966,17,255,159.38617355368032,189.0,38.70784946363298,192.0,37.773434693499425,155.0,44.09615550758479,6.996544,6.9442053,6.8936586,144.12728972359022,2955.4326652288437,0.7506258577096988,2.5711357739999254,2.946431449782236,4.4848167583635625,-8.952322165330283,-6.071587814768496,8.1992338816974
50,66.64550436689797,0.7586096804616722,0.019849666666666668,10,255,122.11744739626191,4,250,95.00974827453022,4,255,104.86522653612991,121.0,54.72590692677946,88.0,53.278151485722134,102.0,56.3744061622761,7.7017293,7.6018357,7.7109585,89.15492740567184,5314.8885180950165,0.672762936847168,2.5959350658536517,2.5900509407289882,3.7290722643261067,7.149324879856528,5.216566882655104,6.965741883757566
51,66.64550436689797,0.9576925910988143,0.021936333333333332,5,247,129.2709602789892,2,248,108.5601475482077,2,255,131.83512703429622,135.0,52.81239303662712,108.0,50.47306293529595,134.0,58.2764068959622,7.7581744,7.5779386,7.6228094,109.93005124595017,4768.777909755707,0.6555601835208855,2.442193205446063,2.2425238877959592,4.054314534723089,-7.202141502276601,-5.279697088428433,-8.841487173676962
52,66.64550436689797,0.8966995668984914,0.020392,7,245,109.41142564077415,1,240,97.1190289373562,6,255,105.92190564927422,110.0,47.05223512411098,98.0,47.8768050166617,102.0,51.5217163980035,7.6280622,7.530424,7.5331254,112.86096038524376,4318.136212348938,0.6646136303462142,2.8687415226957658,2.2557200081558855,4.342421097975757,-7.779168881708484,6.527589299508137,-7.799983539815275
53,66.64550436689797,0.7373083554140707,0.0164825,19,255,124.50289953991607,1,234,105.12450609372274,1,241,105.59176146417919,118.0,48.61106263466452,102.0,46.842134271510666,98.0,46.93231968967758,7.490116,7.514038,7.5648327,109.42638127625115,3599.3422738313675,0.6750928226886165,2.456674150609817,2.379305887816859,4.39136349614772,-8.779230281642562,-5.62689933022224,7.7760033210632935
54,66.64550436689797,0.9515556231269591,0.01179075,7,234,111.74148166995315,1,240,99.25851570975733,1,238,84.51239225470827,104.0,55.12735174473065,91.0,55.87585840050301,70.0,53.71306247538559,7.500478,7.623922,7.625304,68.33413607338454,4112.271203637123,0.6023901335467825,1.8445081090409876,2.6242891827721895,3.494392195015564,-6.713749522488362,-5.57495208894618,-6.694723883633911
55,66.64550436689797,0.813836085778395,0.013451333333333333,4,220,71.99095195024037,1,191,48.063795088855,1,170,36.18150731774039,67.0,40.42840314215665,38.0,38.23780394746878,22.0,31.981206024457013,6.4481144,6.887104,7.212789,75.90156524166682,4227.48857653141,0.6756436865825486,2.7492313864382485,2.828952470352589,5.119100976134157,9.61969834988925,6.547554770904724,-9.048305011870772
56,66.64550436689797,0.7292364642098385,0.008527833333333333,1,255,92.5659101458481,1,255,76.87033128114922,1,255,59.964803950327564,80.0,54.07594998993741,67.0,50.86139309163242,47.0,43.963559584285626,7.1624484,7.445118,7.5710745,73.19326401331024,2778.2884496450424,0.6405390895226679,2.1562611528828377,2.426262363876429,2.9301576629941803,5.845031227556417,4.164427488737194,5.697331156583051
57,66.64550436689797,0.7333957772772499,0.007866333333333333,3,255,94.59682400114413,1,255,79.68756555180049,1,255,62.80022046392818,83.0,54.8550832070038,69.0,52.26630391162066,49.0,45.39312148954312,7.187674,7.4883633,7.6084023,67.13246654187475,2792.5310904979706,0.6085517530859857,1.9207329574751282,2.219153771915319,2.634550770640859,5.146120239742019,3.679545538591795,5.306756167405816
58,66.64550436689797,0.8198709460926612,0.010403666666666667,3,255,74.82939508506617,1,255,60.47057527794688,1,255,52.171809343742865,68.0,49.49227729865104,54.0,43.824063296595405,39.0,43.68838297700684,7.0073953,7.15439,7.4335833,70.74327390421261,3506.177850008011,0.6292022664731726,3.541577988872856,2.017844775754298,3.020274329715641,5.632480329585361,4.981428019401772,-5.767978809301674
59,66.64550436689797,0.9429202415158876,0.0114715,3,255,84.08003167269611,2,255,68.27720085865906,1,255,62.42763774550052,74.0,57.53349456179204,60.0,51.72035802733615,43.0,54.71550666708135,7.1841083,7.270438,7.5414124,67.7282761137019,4036.8885152339935,0.5605677417524522,3.1617116561578866,1.837141464122698,3.205941872133302,-6.659919541684077,-5.92459725317823,-5.7304419978694785
60,66.64550436689797,0.9330429503808793,0.007962833333333334,6,255,107.65947527052766,6,255,85.07537099441154,1,255,68.8753774261239,104.0,54.976860601758226,78.0,51.04521187023133,57.0,46.31843397196173,7.2781343,7.530676,7.709216,58.19992618882123,3257.9250940084457,0.6891111898439334,2.8484412643232835,2.9862081734401666,4.59669956849468,8.405070632527558,6.023680459404589,-8.816668653217079
61,66.64550436689797,0.7381383277283006,0.016996833333333333,4,211,75.80724840901736,3,193,52.755802551455666,3,240,69.63907247428442,70.0,49.46692969852889,47.0,34.12138298515471,58.0,46.39927561159466,7.2531605,6.825384,7.2050805,77.8672617726664,5207.162686467171,0.5244599107193203,1.881467647871237,2.261211605128414,2.796816341916383,5.370139177682457,3.903088701290707,5.692673872423361
62,66.64550436689797,0.810699711908591,0.0200545,3,193,59.279951714910204,1,182,40.563000708655366,1,208,49.02829189036451,49.0,40.58584645452308,33.0,31.240178397912853,42.0,32.39865906228563,6.798266,6.5044794,6.999463,78.73616043430296,6076.826674818993,0.602593274115279,2.4693048511705924,2.236976347141873,3.4360362032106075,6.384086090562848,4.671298015559025,-6.47030254554204
63,66.64550436689797,0.5044769878709607,0.013184833333333333,1,255,73.02062389983219,1,255,58.089781576448246,1,255,59.99307096570254,46.0,65.25463976448916,33.0,58.797617514820814,41.0,54.731540009823576,7.2162733,7.146476,7.3685374,95.65530680484602,3292.101719379425,0.5892325512525569,1.4604381541996183,2.833409196138931,3.4122501283661446,6.6085577515281955,4.295351137592284,6.80536812599891
64,66.64550436689797,0.7879195241928375,0.02632075,1,187,67.26484174399792,1,185,50.055278426405984,1,196,55.20812750164665,69.0,44.36605732289278,41.0,35.2794171479545,49.0,35.77181740908694,7.0023246,6.8220334,7.0054617,99.85263373251338,6296.584040880203,0.5949844765044398,2.410834035347831,4.121034119782015,4.1914643568295755,-8.52830623683243,6.047630745800947,-8.448606241384956
65,66.64550436689797,0.7599099710966122,0.024412833333333335,2,202,59.47885162858333,1,177,39.973603268995745,1,225,52.62142493777676,51.0,41.52924318853662,31.0,31.198525113432456,43.0,38.92540580006507,6.9543486,6.5475492,7.0278053,93.06266554465705,6263.956620931625,0.6066347925311573,2.228249377977109,3.1803098495659623,3.461517745653006,6.80777747724598,4.669473149415107,-7.258377246120069
66,66.64550436689797,0.667046207728557,0.024656666666666667,1,255,91.46242268563897,1,255,72.97532214784393,1,255,71.08085745883342,93.0,66.04640040410699,66.0,58.18152926965298,57.0,59.954408305061946,7.4644146,7.4118853,7.64614,83.31744644958043,7062.806471824646,0.560990337655555,2.134817338654569,1.8903091661703562,3.6982538306452732,-6.7730594608535535,-5.061931832400902,-6.562038597355383
67,66.64550436689797,0.5555183790390568,0.017510333333333333,1,255,110.33707164664254,1,255,89.92719319955832,1,255,88.14121521613943,99.0,59.10087198833934,85.0,54.383227652754954,74.0,55.414982527553725,7.532473,7.6160593,7.700244,76.30445127477121,5474.189159631729,0.47318580351950645,1.5881738289672576,1.4254987257192426,2.5214882562462373,-4.841023059065083,-3.7333648537011817,4.54430401674961
68,66.64550436689797,0.7786512434303844,0.0161465,5,255,109.28607334922945,4,255,92.61858091020758,4,255,84.73291683440168,104.0,59.923689298199605,88.0,54.366568721531756,74.0,52.80507302480723,7.5479684,7.6385155,7.7734475,88.45722567511439,4357.68245112896,0.6045731413109293,2.576829648894081,1.99100578270485,3.5969297526749737,6.420201088646331,7.098316645858276,-6.839214018596147
69,66.64550436689797,0.6813145202691396,0.017729,1,232,63.1842309373722,1,253,61.18455167616147,1,255,54.827902763953034,52.0,46.06679906450284,56.0,41.134045869262714,48.0,44.47146614823877,7.096189,7.1699557,7.2755375,95.08550541807082,4452.729131937027,0.6891504848054041,2.191496975351076,2.738341587091874,4.8977657413250055,8.761445557899716,6.074160288954252,-8.951284102499553
70,66.64550436689797,0.5630585898709036,0.015266166666666667,1,255,50.71491563370284,1,255,48.743363484013955,1,255,45.13251039000358,40.0,37.87117693518929,41.0,34.63127780344889,39.0,37.399605135251626,6.852915,6.871738,6.957282,90.72474209681941,4017.2833956480026,0.6344223825695692,1.650914229026834,3.6555822443402457,5.121487608312074,9.407232704551872,6.0989093280432165,-9.693696987495928
71,66.64550436689797,0.5332603954567013,0.006874666666666667,6,255,99.34523492048099,4,255,73.5363047905353,1,255,54.45738200728533,93.0,50.06103383541019,66.0,45.85563568344358,44.0,42.749782532881866,7.005531,7.3326335,7.5848875,61.258103667708674,2672.732099056244,0.6045225273245103,1.6294962679391198,3.366147891721167,4.224080482070171,8.032814998838473,-6.11996075773328,8.549441174379186
72,66.64550436689797,0.309806513660536,0.0073725,7,255,128.65015824573302,1,255,115.85292488554796,1,255,74.55535772826444,137.0,60.846879786319434,123.0,63.483965013848746,70.0,48.48574799265993,7.284078,7.622032,7.707937,55.349868633686135,3169.5016506910324,0.4931454332912838,1.1995187871270865,2.418115424166159,2.484118596959021,4.935363611096646,3.084250995630088,6.543700186849647
73,66.64550436689797,0.898034334676061,0.018310166666666666,5,255,135.72293625581418,1,255,118.44605718004911,1,255,91.87127468172812,142.0,56.91482763043282,125.0,61.89142409699763,87.0,60.60547157580654,7.653266,7.7325845,7.6507826,91.01985893581205,4802.6387330293655,0.6587344233337373,2.638319149886652,2.2998889129337994,4.358735483002741,-7.912781589284612,5.693319791706835,7.778795456492675
74,66.64550436689797,0.909453452536601,0.016965333333333332,6,255,128.26827255580005,3,255,108.82296005580007,1,255,76.27223406554542,130.0,47.53618934992456,108.0,53.56727055160387,69.0,45.67928054050975,7.332798,7.599925,7.5488873,96.54415544247739,4196.763627409935,0.6161740119721036,2.1796064355764053,2.089645416539243,4.1993860901018785,7.798267672013372,5.365966838060517,7.371094520712401
75,66.64550436689797,0.5531824589018318,0.00476125,12,255,105.55332108164873,6,255,81.65403868031855,2,255,78.60267786820688,90.0,59.65607774506151,67.0,54.494725307105824,65.0,53.323136286219366,7.4845214,7.512538,7.7065973,42.571236404095714,2654.773728609085,0.6046574220089062,1.5564511301766937,3.3986025504435444,4.066579684987799,8.654304489088013,5.179208318866336,7.8003136849070245
76,66.64550436689797,0.4678990203251116,0.013378,5,255,110.83375068520456,1,255,90.53994655104749,1,255,64.56271624273471,111.0,61.554675023247064,96.0,58.38615622612765,60.0,49.203196265409794,7.271558,7.53623,7.763232,96.30057099203233,3317.685416698456,0.6324312243833883,1.6966444334083968,3.035063138680643,3.196662796454391,6.352623040731018,4.077169948398083,-6.69838780965033
77,66.64550436689797,0.8275220829935384,0.007123375,1,255,84.89088260416789,1,255,68.99741874308592,1,255,67.07154605744523,74.0,56.43332910992632,57.0,53.60675619955159,52.0,53.4191565666186,7.3470654,7.3685,7.6033297,50.955826178325495,3323.9869256019592,0.5449032569434691,2.0974725406778765,1.9246750425163455,3.261559587855152,-6.261341104691122,4.321181555121868,-5.890866493279518
78,66.64550436689797,0.9321448876838225,0.019386833333333332,2,255,84.16081748800183,1,255,73.16555909938876,1,255,44.71247681212184,72.0,60.52150962836234,55.0,57.559225680650094,30.0,40.83407674502841,6.8312287,7.406704,7.572293,68.25482370798402,6769.880499243736,0.50071662216829,2.4075159529076195,1.633589065468525,2.8309504764207287,5.063613725397979,-6.321332706822932,6.431486420424635
79,66.64550436689797,0.4577421925204047,0.012790333333333334,4,255,85.31110408902556,3,255,65.12718263792969,1,255,44.11041632653061,86.0,60.530344353891365,59.0,48.82967500486502,26.0,44.88349078717169,6.7487545,7.174036,7.468227,58.114790987111725,5240.206405758858,0.5153406171804398,1.4372908097105077,2.716615556488637,3.4078601514630447,-6.569677889374603,4.154397174328157,6.686792286483721
80,66.64550436689797,0.4179093744353739,0.012707,2,255,76.4423939560872,1,255,59.14377012519429,1,255,43.71718694835898,70.0,57.97136115149376,46.0,49.17503235619132,21.0,48.38407487797402,6.5013504,6.9782825,7.2901096,63.98618523724598,4731.630724310875,0.5599140311969782,1.4984650041153933,2.6708071509352758,2.600165661764541,5.24404872342026,3.3934214497826187,5.945930332248743
81,66.64550436689797,0.4826656536304664,0.015636166666666666,3,255,88.10591630514726,2,255,68.73323331592356,1,255,48.85598297822103,87.0,60.11675446258074,58.0,52.76957913598319,25.0,49.50401447955212,6.8646526,7.30426,7.5306683,65.31057852159348,5702.1849818229675,0.5239145102797789,1.2990590065771397,2.9609902946953763,3.674322901154601,7.231339358093631,-5.560956143109973,7.078738918546507
82,66.64550436689797,0.543719071842772,0.04024433333333333,1,255,112.9449466435716,1,255,96.30320160603152,1,243,75.15946338083742,116.0,56.71495982213772,96.0,53.95494139550035,65.0,50.73854161327515,7.408275,7.5850043,7.6859837,75.2064517337067,12764.722678303719,0.19571913726285423,0.7212699938251643,0.6587228795843654,1.157601960654682,2.0852051738473505,1.627480909675797,-2.5994323687648766
83,66.64550436689797,0.7927841237946096,0.18745783333333332,1,255,93.76569486293361,1,242,83.50732057099343,1,234,61.70583652866791,66.0,78.5587675342281,54.0,72.62943819410299,40.0,53.19102758397679,7.1082134,7.319207,7.497506,368.5687035707502,12191.467849731445,0.6589189914738053,1.7325858575713453,3.10369312475686,4.190266719498261,7.899849689470875,5.372293996113843,8.12204614435343
84,66.64550436689797,0.6178566441252308,0.015821865720477002,3,255,100.18287096586808,1,243,84.79046579753201,1,255,82.14128323872124,95.0,69.51829678158431,69.0,65.67095152522523,66.0,66.8795716506481,7.441575,7.4259586,7.6821246,92.5017977009614,2592.4793459177017,0.6995134884456284,2.0821502813438446,3.0384698539794006,4.863024410477421,9.240815287542535,-5.9798475904616755,-8.80679357947204
85,66.64550436689797,0.7881095744319946,0.05283633333333333,4,233,77.69553858140547,1,174,23.43014997604805,1,159,22.914949238437423,75.0,52.77881863652352,13.0,25.33270898989938,13.0,25.43445812575944,5.7187595,5.7649937,7.319433,142.83413807774033,8842.539444684982,0.7237123454598352,3.2726737063432165,3.0570014911788825,5.9744947863373685,-9.920046665631554,8.030764685759786,-9.902255734199104
86,66.64550436689797,0.637043132804786,0.0253965,2,255,91.79119826222774,1,255,73.792719141089,1,255,61.99844781644199,86.0,66.16599037677628,61.0,58.68186080433406,45.0,55.982204886129935,7.199955,7.3611097,7.6632285,116.79821679398864,5197.630722999573,0.6729992645911541,1.8439414141360446,3.498389385459456,5.042367039258607,-9.440088891447541,-5.973979669189607,-9.292855225936849
87,66.64550436689797,0.5224705445726999,0.025438333333333334,1,255,67.63885098778556,1,255,52.78325072318009,1,255,38.237926190232784,44.0,64.11920735358866,27.0,59.016757562236094,18.0,54.78764322695573,6.3851676,6.974688,7.3954573,153.32731026658956,3969.765718460083,0.6630017380547465,1.757412887135784,3.919084546687961,5.310283121159671,-9.975415024671946,-6.214604392574698,-9.66012582100784
88,66.64550436689797,0.9895416377334803,0.0432945,5,249,90.54806037718417,1,210,39.23408705641851,1,176,39.44112132317298,88.0,57.640511447935644,31.0,34.50137443299979,25.0,36.03608649438299,6.5604186,6.5063243,7.467031,171.78328462229953,6032.720251441002,0.71121261640028,3.0220030551376014,2.616673672199981,3.935037007952832,7.316410030759202,-6.076648609080043,7.415670467157339
89,66.64550436689797,0.9178129506631469,0.019838166666666667,1,200,81.51514661435415,1,184,70.09664457723774,1,193,65.47208277496082,91.0,54.26400797878663,69.0,51.06557496605097,51.0,50.652295073106345,6.9707656,7.05846,7.222481,115.88728672997614,4091.609298825264,0.7261527787192814,2.86169617666968,2.724476202691467,5.218231557859681,-9.138702848514104,7.32528611288966,9.588114040429879
90,66.64550436689797,0.9828967647813658,0.0197255,1,255,81.16849171546137,1,255,59.108829096009394,1,255,57.12989629692274,74.0,49.59129829258736,50.0,42.399479161627994,45.0,44.602700205003934,7.1395245,7.160886,7.515579,97.42273644018839,4918.785054802895,0.7362078421606669,2.688924598413582,4.0353296087756005,4.757753136892898,9.25229188900145,6.875382416120902,9.20102898868086
91,66.64550436689797,0.5648118201982422,0.039453166666666664,3,255,89.4987675260541,1,255,71.18566955162562,1,255,55.90800770203545,80.0,64.29633802438006,55.0,57.53409804531566,41.0,50.37184084880473,7.155656,7.375764,7.690737,185.21717539390423,5099.478479743004,0.6850387281746338,1.8415026560970364,3.8067305257071737,4.763400006075774,9.051669205861522,5.6985094339383275,-9.28116536995266
92,66.64550436689797,0.9186495784651307,0.034042916666666666,2,230,81.0776030255927,2,215,68.28644480618827,1,255,71.71088214700166,84.0,53.409697245301096,66.0,48.60526503889549,62.0,57.075468764059096,7.3995066,7.234971,7.44814,138.81056788544495,5866.098758935928,0.6700761807030947,2.7149066228511143,2.2692386323032023,4.007068624522471,-7.804980687283485,5.434043195425712,7.155125189938396
93,66.64550436689797,0.8169955790940396,0.038795666666666666,1,236,75.54917430640879,1,218,56.11439603045893,1,255,42.53139836517661,68.0,51.240017745944904,45.0,44.06745153207635,30.0,40.30506630148734,6.7677937,7.125426,7.4591203,201.83972284878828,4602.483529448509,0.736207395585179,2.4566639396225716,2.85849855193272,4.747005603395847,8.777107746636702,6.235417471885466,-8.612253192883951
94,66.64550436689797,0.8351055144301707,0.0403435,3,255,96.504565997827,3,255,83.50692956210372,1,255,44.954507184495014,92.0,61.53062994815627,68.0,61.6946069417265,37.0,38.59714770491172,6.833357,7.6093984,7.7474246,128.9199993297758,7479.2429802417755,0.6959450155355177,2.179344851435179,3.2966481090306345,4.441025570912904,8.301125251709482,5.534411709440987,9.785591189157039
95,66.64550436689797,0.7725426482534524,0.028906833333333333,1,255,71.71372706162497,1,255,54.98530683672469,1,255,31.786275901015046,55.0,62.06717409062754,38.0,50.52922798857918,21.0,31.17620335523289,6.34314,7.093853,7.4439354,151.6763079267172,4559.97386443615,0.6697741698372209,1.770716930780111,3.1736660596687405,4.461354684842317,9.338340641565141,-5.749338324763834,-8.271684046305708
96,66.64550436689797,0.9305821502038638,0.0365135,2,255,105.84271684901931,2,255,87.9574906084964,1,255,64.11628087707228,107.0,64.73697664056229,90.0,56.502852667666865,53.0,50.846824559479096,7.2860274,7.566714,7.7816844,173.92927921971096,5024.77790927887,0.7184665101712638,2.1591072202403834,2.9836734818451123,4.511011760641503,9.375919137223114,-5.934231382286305,-8.251276579844966
97,66.64550436689797,0.6097662109939646,0.038646,3,255,100.59977207645466,1,255,81.18924423494099,1,255,71.03638809164602,93.0,71.1289928934385,66.0,66.11335605476242,49.0,65.63988891007811,7.4254456,7.568138,7.750141,189.60730352630057,4879.60633790493,0.6972545030262438,1.8913094796414596,3.4184284342861666,4.378348007129178,8.360852681594643,5.6108625424773395,8.489861756108146
98,66.64550436689797,0.7998331943286072,0.026421166666666666,1,174,53.36960807196387,1,170,49.71131118533728,1,196,40.72113933790362,29.0,50.0597273037601,21.0,51.0711290980852,14.0,45.36482638558493,6.31794,6.531869,6.697964,100.30871464944093,6291.856118440628,0.6641421169238448,2.0904655376253922,2.6682181935087286,5.2293489917131195,9.131449320016582,6.933220182983998,9.553938206615118
99,66.64550436689797,0.6355858261566175,0.0363615,1,255,60.04006293459477,1,255,44.730870709375594,1,255,34.45789798162436,53.0,44.533548857686455,31.0,37.34834650680289,21.0,32.72125957511559,6.3703303,6.6522937,7.0613966,171.17708844579522,5084.091614723206,0.7126859340801932,2.180374353559594,3.2004721623012813,5.053912590902574,9.26410567773375,6.4690765668966295,9.231626749994778
100,66.64550436689797,0.9599323764267083,0.025340666666666668,1,255,57.150882310383835,1,255,48.67015962484544,1,255,43.16059522691048,35.0,51.68615609291158,27.0,46.36411961900147,22.0,44.3313830106659,6.556145,6.71145,6.950902,124.53411095904394,4865.4540939331055,0.7405059771367021,2.780085213046589,3.387136249602703,4.689991967946469,-8.784451600304275,6.117243671538713,8.937843247427763
101,66.64550436689797,0.754680576475446,0.0257145,1,255,79.70331559571186,1,255,64.6726225969952,1,255,58.69157243181337,75.0,58.749182583365155,53.0,52.89373196272036,40.0,51.07557512996772,7.0169888,7.13761,7.4794884,121.15663589507488,5074.282522439957,0.7191982201251248,2.396389171009584,2.9713684967912046,5.292248608949423,9.418912785795076,-7.020422253135638,-9.455141969294392
102,66.64550436689797,0.7361641123818857,0.026654166666666666,1,255,68.93108914234261,1,255,56.02613885593068,1,255,50.076693040054586,52.0,60.17033040059961,38.0,52.410673627679216,30.0,52.49578259827528,6.934164,7.1127005,7.3968134,127.37958562753897,5003.505835413933,0.6937636549419385,2.0715480722637984,3.43985712662652,4.439939793680382,-8.612708608863276,-5.483813182380009,8.449500611006872
103,66.64550436689797,0.8585109565153307,0.028225166666666666,1,255,81.31927221730145,1,255,66.790238912082,1,255,59.07049933913418,83.0,59.19534254199195,59.0,52.096450959956506,45.0,50.06910933359936,6.9690604,7.090706,7.403104,140.96805939452108,4789.2976813316345,0.7129581340884331,2.3299750884977213,3.2518810164767844,4.649235903146596,-8.585876580131007,6.292333371799856,-9.396396564016056
104,66.64550436689797,0.8187947398036629,0.024927166666666667,2,250,76.42868389909269,1,240,70.00845463115877,1,249,60.52163202643673,57.0,62.1324429509921,44.0,62.867982007312726,40.0,56.42238608004767,7.1675215,7.219164,7.335216,114.38833216108101,5208.726176381111,0.6418950692326055,1.9148358072368425,2.5157254297452605,3.7513537944251514,-6.890013932944268,-4.779300874142116,7.685390760990798
105,66.64550436689797,0.6698124468800927,0.023710833333333334,3,255,80.15438618071909,1,255,61.10318456115194,1,255,54.14031735174709,66.0,61.540598009130775,42.0,57.11019665722768,31.0,57.55921620406462,7.0488777,7.234915,7.5897236,162.57955880241002,3490.011316180229,0.7242311770371952,2.11794094361258,3.1827136417533577,4.402783509484021,8.402059839102726,5.692068493131708,8.286374803499044
106,66.64550436689797,0.9888246840619204,0.0315595,1,255,68.11019734019168,1,255,51.910414298220246,1,255,40.80263318816767,65.0,45.03107665558895,48.0,37.106123036398074,36.0,30.689199803655633,6.643629,6.9702516,7.218586,130.8541851839785,5767.67948949337,0.70847458132077,2.9112162318994836,2.682113595992337,4.050956912099976,7.485456396334884,-5.605715339075557,7.697082150559237
107,66.64550436689797,0.8964401294498382,0.021639,6,255,108.29329181878398,1,255,83.63792333228069,1,255,64.11563498775702,110.0,59.5003464282658,83.0,52.28753962568955,59.0,39.567561792791636,7.142444,7.4807334,7.736749,124.21409570105217,4165.131155848503,0.744725996267295,3.370397900248977,3.4722741043311975,4.637517078944922,-8.68298451839661,-6.411466022691877,-9.243233637223367
108,66.64550436689797,0.7143780100409076,0.0153065,1,255,71.41703143544682,1,255,54.89488613163325,1,255,52.62387259239093,70.0,45.57685407761529,47.0,39.86674625630141,41.0,43.66181756538147,7.0298615,7.003848,7.2816296,115.21293823942695,3175.3595176935196,0.7481873446742755,2.5578412222334537,3.561303641846457,4.627841963621447,9.15205135043622,-7.578431750068776,-8.722199136865662
109,66.64550436689797,0.9488918148385204,0.03264966666666667,3,220,81.8713922551532,1,209,65.75904187979214,1,255,46.93073097573719,81.0,50.862524895456765,56.0,48.814020867541814,43.0,35.73944444556945,6.744757,7.0990477,7.2577124,107.93104682062838,7229.458279013634,0.5931670503929605,3.327150349812393,2.094321739828077,3.216098052979063,-5.8821189672546375,-5.439265401351527,6.5273433203766835
110,66.64550436689797,0.9448163631440216,0.021689,3,245,73.23347280495489,2,227,64.10663047320455,1,233,37.6173689562441,74.0,45.70299874990875,68.0,40.82381741221567,32.0,29.485109642262813,6.4825277,7.0772963,7.3261843,117.93249850780124,4397.765726685524,0.7509366807854456,3.0747125554989743,3.621329104358064,4.887765979318578,-9.13446564205098,-6.429219697373381,-9.35363213726373
111,66.64550436689797,0.7964292498006463,0.021688333333333334,2,255,76.99542957042956,1,255,64.80999577345732,1,255,57.732654472794344,68.0,55.974491364225216,49.0,52.97788769433801,40.0,51.09289777810475,7.105546,7.2538214,7.49047,116.04674333236453,4467.471340537071,0.7197089812905844,2.2827339311280954,3.061360834941463,4.5305069185710645,-8.590306263087093,-5.870218908947264,8.385304435482864
112,66.64550436689797,0.9196606638660263,0.044359166666666665,1,255,73.91598347567,1,255,57.91782393056417,1,255,58.134780375808106,63.0,59.90428842940012,47.0,51.99952187417639,45.0,54.86500518137295,7.1504326,7.1801605,7.505271,217.06903207892506,4894.03988134861,0.7511258614397684,2.7259692853819124,3.079926187254579,5.7387510938842725,-9.779727249381514,7.266792447516764,9.898641013409312
113,66.64550436689797,0.6805591141115924,0.028797333333333335,1,255,56.54503229615224,1,255,46.62780465007256,1,255,42.08346255573413,28.0,58.17161216692459,17.0,53.533163470563885,15.0,50.84805030270703,6.4695096,6.501479,6.924589,163.0967363794856,4225.547459125519,0.7479780997059704,2.4083336760502077,3.720529430922043,4.560548394452993,8.73386479241183,5.7651973674830135,-8.976309852832157
114,66.64550436689797,0.6779169933890145,0.018531333333333334,1,255,59.9264219160341,1,255,48.01828467612829,1,255,41.49588325542263,40.0,50.24056610247846,29.0,43.60346811548293,23.0,41.18359986525607,6.5784264,6.8160686,7.1076074,98.37273667474834,4499.498692035675,0.702398993704315,2.049382043078162,4.269674862658648,4.910692701904439,9.382509494439415,-6.282432622177211,9.897748560417497
115,66.64550436689797,0.6805562057947389,0.014578666666666667,1,255,48.25771177551609,1,255,35.06472809171171,1,255,28.68407675798655,27.0,46.34631385495757,19.0,35.56704647731119,15.0,36.44290499427943,5.9512653,6.2839155,6.73259,124.51268363757038,2799.5260387659073,0.7262490429962007,2.163138016923667,3.1009495922365984,4.2917432991461535,8.449308505551164,5.814746442076798,8.009646468979133
116,66.64550436689797,0.61006801440305,0.028987666666666665,1,255,44.0741008000874,1,255,34.13416546978761,1,255,23.483605160873005,29.0,41.98977782090206,18.0,36.92559199896569,14.0,29.635938111769455,5.8537245,6.3739405,6.775704,157.5457259593769,4402.753522992134,0.7172467942572156,2.048875380054423,3.6240638132521843,5.297041328896579,-9.845062380858188,-6.758309056482454,9.569602050642791
117,66.64550436689797,0.7992748937305637,0.03543516666666666,1,255,79.33265682157845,1,255,63.97193252706032,1,255,44.34587956093315,75.0,55.04209463970868,57.0,49.201628088260875,35.0,37.77769459133865,6.8376727,7.2892056,7.5397844,167.82431776499848,5053.412469029427,0.7470344194585428,2.846080415443527,3.4196721770466056,6.004103102693906,-9.936355138829047,7.508075203501061,-9.954743193154544
118,66.64550436689797,0.8879732085329033,0.037257,1,255,51.80026963202172,1,244,43.7603928726913,1,255,44.17161771753579,30.0,50.030491788653094,19.0,45.573749576652745,19.0,46.87815091744344,6.4428377,6.4093246,6.6748886,160.70165864110967,5573.738364458084,0.7125636846863497,2.388063570325081,3.154678963004175,5.209996726304605,-9.45312446175962,-6.536096719719475,9.379786926327634
119,66.64550436689797,0.8056705647012767,0.015522,6,255,98.86679658978655,4,255,85.03650732293949,1,255,76.41552131429185,95.0,59.26082927106367,76.0,59.95046411253332,62.0,58.26662468343941,7.505043,7.603448,7.7124915,87.47092487742363,4236.459149360657,0.6198540824385375,2.951032026261754,2.07802558511186,3.4731009075251436,-6.4447041856868905,-4.951117402706589,-6.361382124152816
120,66.64550436689797,0.9692517223293212,0.02839925,4,255,92.23340405116332,1,255,68.99856495135802,1,255,50.808396176992396,73.0,69.91322839791547,52.0,54.7893073594909,40.0,42.85760249758821,6.9508886,7.3061004,7.6641283,73.16878168184188,9252.64825296402,0.7312027557852648,3.101730914968328,3.4007494715154936,4.400586765627642,-8.66393320316116,-6.480553638434071,-8.332601981921362
121,66.64550436689797,0.7942443266634922,0.018408125,1,255,52.270211297094804,1,255,40.385222524525005,1,255,38.70356643974091,42.0,40.983325918618725,30.0,33.45577913416639,25.0,37.68652622821997,6.5509562,6.6315126,6.9781857,73.76496941739215,5951.253060460091,0.6979876553251301,2.280155306967479,3.1517208486905077,5.327276828553452,9.651952258291953,-6.735282889184523,-9.466336163918285
122,66.64550436689797,0.5745320038340667,0.027151333333333333,1,255,84.68481250038366,1,255,63.57139261178406,1,255,50.915955685138364,75.0,56.69897109425694,51.0,48.472602453399254,36.0,43.06832012486656,6.987701,7.2609243,7.580812,82.91427962906069,8053.106207847595,0.6216543906749359,2.6467123468013316,2.0989516745079775,2.981827789401963,6.951727143653391,-4.393119862289619,5.522503216613562
123,66.64550436689797,0.6334638178242125,0.0302785,2,255,113.03840046017251,1,255,90.63634386968303,1,255,84.19717173726274,115.0,76.30952605902499,78.0,71.50702203227968,62.0,74.75051225712275,7.5701036,7.6360183,7.8474207,103.52313975598513,6986.099935770035,0.6952521979920236,2.431578685256492,3.0029749244405495,5.201629446275335,9.26447544391519,-7.0443386083121124,-9.491137052670682
124,66.64550436689797,0.889914101797407,0.032656375,1,255,71.88912961928021,1,255,66.42651770437126,1,255,54.17231091852073,73.0,51.874154995785375,69.0,49.83650600148139,47.0,49.178215871287854,6.957497,7.1275077,7.2887483,104.76506287770316,7451.057428479195,0.6601679597702866,2.771804132802275,3.598457309002369,4.053588951576119,-7.881811092902167,5.688171089783283,-8.659514554077148
125,66.64550436689797,0.688693975803556,0.038882208333333335,1,255,65.16614836278842,1,255,54.26326663580406,1,255,38.696229196931746,52.0,54.534697858504394,45.0,47.56385767636129,23.0,47.53078171559868,6.523909,7.044736,7.2788606,110.38048414754303,8420.745815515518,0.6643644432056525,2.6647492442585383,2.399487507952289,4.424055648602774,-7.837450542819156,-5.815888832603925,8.654199126756959
126,66.64550436689797,0.5646727933951377,0.04084775,1,255,78.70739658732037,1,255,60.9340179916621,1,255,56.01380243032058,58.0,67.6622433210776,37.0,59.0914272771551,27.0,61.00885449992696,7.055074,7.22606,7.575343,138.07722668067632,7079.07468521595,0.6531527897859312,1.7510545748778883,3.7426615954210214,4.105207008339205,8.045345125008357,5.3550070975301995,-8.531309215122556
127,66.64550436689797,0.8243884531602839,0.032170333333333336,1,255,87.26014814392678,1,255,73.98789208568797,1,255,56.5659719343338,87.0,52.73402151694145,71.0,50.6352822789704,50.0,42.21195395713009,7.0579033,7.3550596,7.5389705,117.91507372586334,6523.2584409713745,0.7299630332176991,2.8151839896205444,3.1195015194199383,4.814991309289494,9.384637872832393,-6.232015802929075,-8.764166399371282
128,66.64550436689797,0.8455371372884608,0.04239645833333333,1,255,56.288031166554134,1,255,46.42286526702659,1,255,46.1934014903878,38.0,53.232464747375076,22.0,48.5437700617364,18.0,52.06759152638376,6.5994196,6.6284595,6.94713,115.78132626917368,8759.404756188393,0.7128044167739708,2.8588714781539037,3.226651188350345,4.118739764488889,-7.962943723612465,5.616804112477628,-7.915941958220778
129,66.64550436689797,0.8926102712053429,0.030271125,1,255,86.14045150287609,1,255,66.32025916178479,1,255,53.61634328615215,91.0,50.60168665195235,63.0,45.54533060322647,51.0,38.58660178959806,6.952722,7.0856724,7.325461,102.55177872117753,7053.68067741394,0.6287907312420657,2.8558696066505456,2.1356549333398025,3.6594250705772113,6.804136941536258,5.352198916034009,6.640510116694591
130,66.64550436689797,0.8839418023906859,0.02017875,3,255,75.02804724441967,1,255,56.87590520418846,1,255,49.118713707603355,61.0,56.05831992748551,42.0,45.47369334330291,31.0,46.40285332390269,6.8861127,7.0583363,7.430748,78.33190506964087,6146.512070298195,0.7070820057075864,3.1098041519957773,3.6569898099770666,3.747814158451224,7.48672128203113,-6.469128409142233,7.845218603744778
131,66.64550436689797,0.8955788651362634,0.03304125,1,255,65.06982496458802,1,255,55.881816072297845,1,255,54.26583755864459,30.0,69.45838866925253,19.0,65.70744534650939,15.0,65.23681776870235,6.6740484,6.7586455,7.10234,119.89970886086847,6588.6857233047485,0.7434873619769187,3.613213421534437,4.132311318128712,4.439958347055717,-9.174338242242618,-6.374897408557743,-8.723409336557467
132,66.64550436689797,0.9432687783973193,0.030832875,1,255,60.98309569466573,1,255,48.526671567806,1,255,48.83396386627113,49.0,52.011325306487876,31.0,46.832681501045364,26.0,49.963818646861,6.7575145,6.833352,7.169159,105.53972405206774,6980.921227693558,0.7074131409325352,2.7738254621318132,3.566822540419532,4.024237095699347,-8.530618806292878,-6.314893743131562,-7.824671276097868
133,66.64550436689797,0.8425226552895032,0.03890025,1,255,89.01127139830463,1,255,81.81771957467365,1,255,69.2475369009033,82.0,59.66821151510721,68.0,59.882759062715294,51.0,59.831293488627686,7.4177895,7.566913,7.661827,106.59817939517598,8732.12849676609,0.6770712696257708,2.4777152690932005,2.4806767651760784,3.7948783844146354,7.436744651380161,5.985102894703837,-6.954565277466612
134,66.64550436689797,0.6957263216225844,0.038781333333333334,1,255,68.18953317217297,1,255,55.561166183514665,1,255,52.64678032032925,43.0,64.73275376019184,28.0,58.853370282044494,23.0,59.837389335277486,6.8806677,6.962926,7.308787,130.90810648905733,7086.218912482262,0.6637314299509954,2.0284097500789877,3.794671350804017,4.185703970173381,-8.265503983603201,-5.2178534152755365,-8.385677099800043
135,66.64550436689797,0.6045698127610991,0.020028,1,255,99.67920744291325,1,255,84.23393131684666,1,255,71.20467042404836,99.0,70.1937183329122,79.0,65.87671119161732,47.0,65.60661649898657,7.4079137,7.503893,7.746404,76.4463835039818,6250.668482899666,0.6444041796163584,1.8862803796839984,3.3075459051058376,4.194567653648189,-7.959334102318718,-5.653577555937572,8.485533219448172
136,66.64550436689797,0.7266699100292122,0.035679375,1,255,59.077856604831226,1,255,44.63238713399346,1,255,44.9525007533445,47.0,48.69757788791372,30.0,43.03443691857957,28.0,45.08026509670401,6.8163137,6.830143,7.224887,180.19521970035512,4740.2866814136505,0.7360460245503511,2.339963837922834,3.23855546065005,4.426355593575982,8.447828329936149,5.780518471175589,-8.358131735944605
137,66.64550436689797,0.7972189046857716,0.0216115,1,255,90.20307207045673,1,255,71.05013121385835,1,255,59.81240792873395,87.0,61.477050012937454,61.0,55.606699027661485,47.0,49.7903372795414,7.1421576,7.355156,7.6535254,100.56616093789135,5183.319072127342,0.7559336033574204,3.2452102860558556,3.594994446518995,4.48123858506335,-8.529326315272558,6.192526132972465,8.96027087818245
138,66.64550436689797,0.8927814241376952,0.029323125,1,255,54.91538005721001,1,255,40.48955995935682,1,255,31.149775237596828,41.0,48.7291049441437,24.0,41.509618208895525,18.0,37.48206589845655,6.28326,6.6713214,7.112449,130.58713795191542,5370.456164360046,0.6999573206514599,2.0947830201574216,3.489040190376977,5.1190358114147045,-9.327526186838934,6.404670411665739,9.762362643348865
139,66.64550436689797,0.6703920291261238,0.024273375,7,255,105.6927600714775,4,226,93.3037930791797,1,255,81.12819098197943,92.0,51.09277092240722,86.0,44.67399119695223,66.0,54.12170316462339,7.546493,7.3633637,7.5095077,106.27056037200563,5458.237897396088,0.6230325029728622,1.9692393160544532,2.284486513105891,3.372735833774064,-6.679076247418627,-4.816000785257555,-6.226748518620245
140,66.64550436689797,0.81355799763416,0.021783875,16,246,135.48870628695155,10,231,118.74709504163056,6,255,98.21545370906998,140.0,45.13782409308563,120.0,39.98686519375131,98.0,44.70080842469449,7.4416857,7.3439136,7.4740624,110.5389989879818,4710.654201388359,0.7048691936531464,2.6683376096419034,2.567808617353286,4.273565977823273,7.6921478689199105,5.615343205441033,-9.442148425283666
141,66.64550436689797,0.8067084942084942,0.02043954166666667,6,255,125.05788004868015,1,254,113.74758077174758,1,255,91.97996745195289,122.0,62.465725097065274,114.0,52.06538199352087,90.0,51.1614456420964,7.5412946,7.62239,7.809737,77.82322831994784,6265.911997318268,0.7101472428936235,3.16860282753859,3.2776745686311948,4.8497695126039275,-8.91249238409427,6.513679487776135,-9.238654083491374
142,66.64550436689797,0.8133702499188616,0.0185875,15,255,121.80815960546963,1,222,98.07557308035454,1,255,95.10630633863627,115.0,45.28569208774478,95.0,38.088761432847555,91.0,46.5350095654531,7.503797,7.2487864,7.470208,84.93594922344292,5224.578097462654,0.6545193756328894,2.304288465881165,2.4592120145245375,3.40244785379895,6.47428314875833,4.560369915360057,6.493461580524777
143,66.64550436689797,0.8654013739301049,0.008538125,3,255,129.0591220750067,1,255,93.26861715111454,1,255,85.40820430716364,123.0,62.12159286752092,96.0,48.1089226899501,66.0,59.44869963125927,7.573406,7.518525,7.8534403,73.80822826563832,2758.7981013059616,0.7129473462169202,2.510175074486144,3.6524803481384107,4.252370120440651,8.19942157661782,-5.750701597870203,9.202775959293765
144,66.64550436689797,0.7143919484920085,0.00873025,3,255,125.83404923493981,2,255,87.3507555292523,1,255,74.81093027832038,114.0,56.0829894307748,81.0,44.56803437297035,52.0,58.39094748497573,7.4167223,7.368701,7.621261,66.26313113297151,3142.7808562517166,0.7175882275016031,2.513051364209694,2.830475824308668,4.083612370511236,8.689469953961694,-5.611734881899817,7.540140410330848
145,66.64550436689797,0.6860410461241039,0.007945208333333334,1,255,117.02991320764612,1,255,83.2006608276079,1,255,67.12157280842735,109.0,52.96459731722072,77.0,45.2339519763806,50.0,51.82888609185121,7.3646717,7.415225,7.656643,81.80814276609118,2317.5260260105133,0.7604760022364947,2.766592562303885,3.3984221786184645,5.791204766715979,-9.854392360261828,-7.189439183535658,-9.957948197890273
146,66.64550436689797,0.8448497246520306,0.02707825,7,255,116.16701904049683,1,234,96.808002203599,1,247,63.841941736810256,105.0,57.26391698462471,95.0,49.90774445280126,55.0,42.55297867015071,7.1002207,7.595495,7.705099,129.4492118691884,5003.105006575584,0.7436000797989302,3.1789811328764115,3.372681845745189,5.792956331959405,9.861604532711704,-7.563141877039745,-9.924246309026108
147,66.64550436689797,0.6024085635338995,0.02157225,13,255,157.32570393290763,5,255,117.2593223547227,1,255,97.49357338899841,153.0,59.17786279284479,112.0,50.14403697910251,84.0,60.65703037710227,7.6709366,7.643087,7.3485436,132.88482159513364,3882.89267206192,0.7057251620890009,2.030753368688516,3.081374590611044,4.458642964695871,-8.437344578737504,-5.5235242715034065,-8.317079138577094
148,66.64550436689797,0.7694323144104803,0.028808875,5,255,115.87385542360354,1,194,65.96623893940297,1,194,42.80826086830621,117.0,50.11706451468267,60.0,40.359122872638395,33.0,29.99371559975711,6.647396,7.224669,7.6421614,165.2675580672983,4171.7413148880005,0.7465469872576788,2.5131301999873505,3.065370145768116,4.264600281571236,7.929415637275552,5.565293407034873,-8.797336852171389
149,66.64550436689797,0.9806304972623243,0.015237666666666667,12,255,137.95081814801043,6,255,119.98275654627787,5,255,99.60025594469845,128.0,55.827605178291066,120.0,51.80945675873337,83.0,54.23664419298306,7.457363,7.643465,7.683611,83.80324686223682,4337.02766430378,0.6803469650743047,2.450353796685412,2.5790326482576424,3.758261671331561,7.069198583822511,5.004264656256796,-7.084896160984666
150,66.64550436689797,0.7278640453131543,0.01668425,1,255,94.96803863933211,3,254,75.7620810045402,1,255,81.78703557944343,90.0,48.1940332225526,69.0,46.18582690655675,69.0,62.425271889919486,7.600694,7.3801255,7.487235,73.30707465337903,5428.446052193642,0.6986697974601138,2.560277792898421,3.0386174789406395,3.9599959839193786,7.6723431433776375,5.301947557609215,-7.558537093246775
151,66.64550436689797,0.7259110793957992,0.014178833333333333,4,255,109.49046994933762,1,255,79.08324541321475,1,255,73.33948620473892,96.0,60.99285567103733,64.0,54.54797199860022,52.0,59.051245796830145,7.4927783,7.5295258,7.7542562,117.34929193981186,2884.001210451126,0.7475978929539514,2.3185480091565513,4.214758001026078,5.329749645211317,9.747346465434747,6.4945844022840475,-9.979570679017533
152,66.64550436689797,0.8378710196688438,0.029318,13,255,120.14220075266617,1,255,91.613454932542,1,255,83.14072350730784,120.0,55.85280406157719,90.0,49.7397340953076,75.0,49.089152147852374,7.4027805,7.5462623,7.723689,123.01712026574913,5699.0116374492645,0.6830154496070963,2.298866337637256,2.8630446108077643,3.532568048646447,6.7850448602229605,5.004934938979199,7.055222239461355
153,66.64550436689797,0.6719574247836229,0.033310875,1,255,136.1415053392223,1,255,109.04611477716966,1,255,95.07746014093908,142.0,57.019933310864744,113.0,51.974692658105575,92.0,49.82639663955833,7.6039615,7.636815,7.774144,118.05906248702054,6745.483855485916,0.590184098325492,1.9186259512983508,2.0301616811570895,3.220377589858782,5.852245586219661,4.60189988619761,-6.606425995222825
155,66.64550436689797,0.6616963964044817,0.007896625,13,255,167.42652187907282,2,255,162.11003646072425,9,255,165.43121797814467,195.0,69.89839813034867,182.0,73.43644799634636,198.0,76.83178541206327,7.397587,7.5978737,7.387663,66.56396311719425,2827.4082729816437,0.5926251275117792,1.5632806055779447,2.7870110573701354,3.7252572588974893,7.029880633370932,5.133714652413932,7.327965723539556
156,66.64550436689797,0.6219310671966045,0.015433791666666667,3,205,81.81652542716064,3,182,68.39214008223298,1,157,56.906542762571746,81.0,47.470651777928104,62.0,43.55084321842397,45.0,38.911623267216505,6.9534173,7.1109276,7.3409185,101.89629614156186,3619.1109389066696,0.6687763174732521,2.059685599858979,2.8464903159569017,3.3394793645919933,6.456990800896228,4.42661191236864,-6.916775757621353
157,66.64550436689797,0.7337159587748666,0.037792208333333334,10,255,112.33582539610788,1,251,75.77576542706255,1,255,106.8054339401303,122.0,57.544007292611106,77.0,45.015250931473545,111.0,64.2242621386703,7.7316155,7.308243,7.6523337,137.72641333309517,6564.249210596085,0.6642296837910314,2.7405105785578256,2.2481976136306487,4.233149593557214,-8.225666667599796,-6.126448824666765,7.479196768689002
158,66.64550436689797,0.9347327091406357,0.018113875,2,212,80.91494549528102,1,191,57.68299062152793,1,230,69.84142864715494,76.0,43.57216240457162,51.0,35.75178268175695,54.0,49.25092875093723,7.3064623,7.0067096,7.2921267,85.38290878942422,5065.562957882881,0.6261844713421119,2.0293657084285384,2.301714122528671,4.845066268138309,-8.621831685657597,-5.993247159811319,-8.501319396675335
159,66.64550436689797,0.8366200142522998,0.02211375,5,219,79.10277353833399,1,187,57.28433171121674,1,236,72.09088883223328,81.0,39.786265146535015,53.0,33.86661800995795,66.0,47.75084842175193,7.37342,6.958223,7.2314835,89.01979634194699,5931.416625261307,0.642742057171278,2.1217255025541233,2.4812275152363616,4.179767144347845,7.632049128824895,-5.545347899047865,-7.689317009946089
160,66.64550436689797,0.7329092403610981,0.032661625,7,255,104.82424838527375,1,255,73.12444518157983,5,255,104.92131948935996,110.0,59.93297170488015,69.0,48.018417454264075,98.0,63.6514987961191,7.733423,7.374448,7.6585755,132.27403697594875,5905.985164284706,0.6838785609662517,2.695198279945481,2.4606852598648494,4.0927492581779505,7.641201241123912,5.726665750782314,7.440692912611769
161,66.64550436689797,0.9585353157331435,0.021076625,13,245,120.70241914917592,1,219,66.45532743537785,10,255,102.70735747935608,123.0,46.47936707293691,63.0,32.47926382437013,91.0,57.81061897308479,7.6451197,6.9981437,7.515568,96.94374495007223,5193.517129540443,0.7136854621576486,2.5151727289414367,3.3650482598596914,5.531067339212426,-9.81511987538193,-7.225180208734691,9.72008461525171
162,66.64550436689797,0.830492184580318,0.01761625,6,251,135.89025520944205,1,223,84.1670336740076,5,255,119.9986092386291,145.0,49.04036432688017,84.0,37.18871649103314,118.0,53.076441551313735,7.7078633,7.211586,7.5286975,98.79244202789546,4263.301841259003,0.6778273239165653,2.2481978497228785,2.7727990942851637,4.929730059485309,8.820689464020644,6.195832961427619,9.01495997023945
163,66.64550436689797,0.8279787134698168,0.026548125,12,241,123.72752156068775,7,205,84.9378581349907,10,255,101.20818482158973,126.0,41.20320942738069,83.0,31.521599776190627,99.0,43.76751388128711,7.436043,6.992228,7.378611,123.09516715317432,5155.507033109665,0.7211797001207487,2.61008368080787,3.2168063345064204,5.314006967196647,-9.691875131730098,-6.853756503639499,9.465627399548222
164,66.64550436689797,0.7374169164702854,0.034155375,8,237,101.31007198720553,1,222,86.93808144712476,5,255,100.83108319944762,106.0,47.749852452479914,91.0,43.82132045859385,95.0,47.84194112982383,7.545999,7.3707914,7.4965987,116.40888965704045,7015.4178293943405,0.6475717102533215,2.9172092438045922,2.1700357089998006,4.06322554362466,-7.1792159493085395,-5.538306157332148,-9.179583970729215
165,66.64550436689797,0.7495144664685981,0.012401,8,255,125.35642958901164,3,235,111.12306467220385,1,236,94.13811189398598,119.0,44.098509096609845,107.0,42.93109882120176,97.0,36.02704334672449,7.144084,7.395303,7.410762,71.52494704056743,4135.703866124153,0.6283563215507247,2.63436529009031,2.0352429399303937,3.2593058293807595,6.010831674685894,4.602005641428125,6.115831942179343
166,66.64550436689797,0.8045855304228307,0.013548666666666667,12,255,120.91628635044039,7,253,108.23168023913792,1,255,96.46914518033755,108.0,54.05079104934689,99.0,54.096165909389995,92.0,48.03639777654786,7.4651804,7.6244135,7.5691915,64.39605591132585,5015.4624445438385,0.527752097200959,2.7807649768797473,1.6628281895360044,2.483733111094491,-4.563263234275239,-3.8887632301666,-5.33052350133966
167,66.64550436689797,0.975187864437409,0.015881458333333334,6,249,109.22388267240362,3,241,95.9410764649552,6,247,95.96625257441198,102.0,52.84977647706895,85.0,47.96163318759977,89.0,42.49250435377242,7.3380113,7.450902,7.6226773,72.00297167538959,5260.553713083267,0.5638464367452131,2.685122558805188,2.327094264642201,2.7144296146451894,5.901038797420344,-4.081121734670532,5.245542722006195
168,66.64550436689797,0.8221832529043733,0.01920825,10,255,154.22360400695882,4,255,123.15599450755644,1,255,92.82548546963177,151.0,52.59988447095705,116.0,48.499472652515884,76.0,56.79161351519808,7.642053,7.580903,7.632313,101.89373262691132,4504.820739865303,0.7203068872325125,2.36006869355225,3.221989559840553,6.004228333493044,-9.940700896145065,-8.020280059525758,-9.923754126916435
169,66.64550436689797,0.6758940287597275,0.024756,5,255,142.42154932137663,1,255,113.20272528819014,1,255,84.45069891459507,133.0,56.91241123284534,104.0,51.690273944252326,71.0,49.36585282786132,7.449671,7.6084666,7.7013597,92.33434768297823,6404.36105132103,0.6912077569682843,2.5907045947468217,2.8984388114722073,4.373142960850381,-9.085954363776358,5.6759191632722485,-8.005690329589315
170,66.64550436689797,0.7166068274852462,0.013032458333333333,9,255,118.26632862180645,5,255,90.71182208524229,1,255,63.92126384915225,119.0,49.58754837999994,83.0,51.90278780544733,54.0,45.55320887794456,7.232432,7.5510573,7.6086044,62.43215055112503,4977.4594861269,0.6640832238981982,2.014224425633758,2.899336063343743,5.963280410584172,-9.853023003861368,-7.518273130236588,9.993258978501544
171,66.64550436689797,0.6868955855366765,0.021322791666666667,1,255,68.52043302816833,1,255,46.81189971164655,1,255,36.38600362828175,59.0,52.37043357591843,35.0,42.66623051586009,21.0,43.27647526951337,6.5124507,6.9199314,7.413288,106.97389105954878,4764.134453296661,0.7233645541916981,2.284744530558387,3.434651357977607,5.1916125626538925,-9.516310690942415,6.484958824920249,-9.47287197859509
172,66.64550436689797,0.9233986769483278,0.020887875,17,255,156.86754077824256,1,255,123.72441466367972,1,255,93.3233483947491,148.0,55.371278033724366,115.0,46.79927669307374,74.0,57.95059765194081,7.586341,7.5014677,7.542413,117.28335453733865,4258.161799430847,0.7345955361395555,3.095885673655081,3.0255285743605613,4.504979155479013,-8.262338559443206,6.40855557052538,-9.643039924850205
173,66.64550436689797,0.7527771261343518,0.012898375,7,255,124.27028598563773,3,255,101.94294500922274,1,255,85.17059391957184,119.0,51.28228649027972,104.0,45.808230111256776,82.0,49.39329035673523,7.449097,7.448448,7.559507,82.19843479614056,3745.728258252144,0.6668262520974283,2.5614199925526524,2.857505371747177,3.7259324424673914,-7.064334296564586,5.0112059421869635,7.371263849564967
174,66.64550436689797,0.9658037379499758,0.022444125,12,255,131.04455508958358,5,255,107.77538665463679,1,255,76.49048785151876,124.0,47.10593034280333,110.0,42.89092504826547,73.0,39.13203796857429,7.011173,7.311679,7.307359,91.28365478147497,5872.398528337479,0.649649561341232,2.607635964355223,2.3265637406322677,4.369669693230721,-7.738673935884035,-5.675610811992641,-8.207225752007922
175,66.64550436689797,0.9837021618541331,0.030173125,12,255,132.9325807320256,6,255,111.19901126140122,4,255,110.54690087066996,121.0,54.561150801404644,99.0,49.64671091695081,98.0,55.24892957861908,7.6195307,7.5419126,7.6228523,137.83532999652172,5237.768139839172,0.6445342941524598,2.2784640862994134,2.1595983253955473,3.563208209230189,6.5745751197866795,-5.206253242412023,6.57535252559797
176,66.64550436689797,0.9002236579502647,0.027643916666666667,5,255,113.54348455205636,1,255,102.59164438361616,1,255,92.26718627298776,109.0,48.63051391986865,103.0,47.27074506073947,84.0,50.12022245128831,7.579728,7.54434,7.595082,109.09798308899572,6065.203785300255,0.650032089965129,3.189556814488155,2.2248522444173884,3.783727256233381,-7.162061478946471,5.447767809745722,6.8303124206117065
177,66.64550436689797,0.8019579492536034,0.02409025,1,252,88.55858698020984,1,237,70.75316950495187,1,255,62.48785496900374,89.0,57.33113764033814,62.0,51.996420921777634,53.0,52.924003848508704,7.258111,7.404408,7.627084,123.48432266027834,4665.5558178424835,0.724997450681447,2.7841089737569282,3.2536853544961803,4.830117966220675,9.21803239743001,-6.276551966626535,8.871606170451551
178,66.64550436689797,0.6520931318795733,0.026822125,14,255,126.30378993710106,10,255,98.99759371538732,1,255,81.62173141692455,117.0,47.453388323490984,93.0,40.26497689149171,68.0,50.34259664829166,7.417939,7.291707,7.485706,135.3711168324496,4739.600403785706,0.7169625240882955,2.1254165686771707,3.3401772017608575,4.546098186027271,8.894914116011366,-6.534026297904263,8.505615440114791
179,66.64550436689797,0.7434796885596933,0.016852458333333334,3,255,114.56873502629438,2,255,104.61844740368592,1,255,90.13068503935058,114.0,70.22941507207206,101.0,67.79240768398532,82.0,68.28180926492446,7.7209725,7.824158,7.8601713,97.42715228551248,4132.9700248241425,0.7065210145826681,2.144587562400929,2.8595306454401013,4.351083345895865,8.035759933401293,5.538687419556938,-8.196168465057772
180,66.64550436689797,0.8073613112168679,0.015003875,7,255,83.9313843923653,5,237,73.53891633550222,5,255,87.82356224641967,76.0,49.065247674860146,66.0,43.73806799722845,77.0,51.00899925583098,7.462687,7.290167,7.418958,44.10832223157826,8083.984653234482,0.4465795115728272,2.3628276600571145,1.5494454506852466,3.357161070878101,-5.955235266537465,5.067855087278221,-5.9667982178115
181,66.64550436689797,0.6838215866623522,0.012524125,3,255,115.22291976485383,1,255,106.11767484878932,1,255,95.46606658569456,106.0,53.88855382552691,97.0,52.13828406980496,87.0,46.20760486259841,7.444349,7.6072702,7.6592464,50.68947549103212,5973.744984865189,0.6097372800060197,1.7652075702217231,2.436818213180767,3.450077088546991,6.393469677005078,4.34306108064883,8.196120869527881
182,66.64550436689797,0.6196639603492229,0.014082125,2,255,151.9011690352131,1,255,140.1330916945291,1,255,141.6268637284926,159.0,58.44350436674426,145.0,56.11791951446486,141.0,54.28500598755296,7.7397995,7.7677593,7.7801356,66.00297720658773,5086.959925293922,0.5730242107535494,1.566386220313932,2.3784137698928682,3.425421281221991,6.440787953182375,4.325701303451034,-6.52225716578147
183,66.64550436689797,0.877725066700837,0.024415083333333334,32,255,162.51115260033927,17,249,140.52751884934517,1,255,132.04133828031934,164.0,44.82998751204432,145.0,43.47809180861023,132.0,56.819067353905886,7.7936206,7.4279184,7.479286,134.88031230616906,4330.335465669632,0.7006150447106646,2.851106697050993,2.420988435186749,4.868821683625822,8.887602942740495,6.52475260328916,-8.53446201678557
184,66.64550436689797,0.7057324321792326,0.02372025,13,255,138.17811960947574,7,234,122.6260947924242,7,255,123.3544703365268,139.0,44.348026304776006,128.0,41.26628561092313,123.0,47.29543120133609,7.551394,7.3294725,7.4865856,103.11663075654182,5497.934676885605,0.7104597935228507,2.3574082616039362,3.8301813153875055,5.370052236014169,-9.77136548166328,6.61340211219841,9.740709143691497
185,66.64550436689797,0.7057324321792326,0.02372025,37,255,108.92215160745214,16,246,115.49670113089027,17,255,96.28874414617609,96.0,55.64758822542541,105.0,36.50469574630227,77.0,54.04012456726421,7.0026946,6.8938184,7.1394005,103.11663075654182,5497.934676885605,0.7104597935228507,2.3574082616039362,3.8301813153875055,5.370052236014169,-9.77136548166328,6.61340211219841,9.740709143691497
186,66.64550436689797,0.8043755892297765,0.01897225,3,249,116.65773181385931,1,234,98.01875123536776,1,255,91.09003720345945,115.0,54.33799596545894,102.0,48.08528319597917,86.0,44.89987039047762,7.4503765,7.542666,7.7285604,95.11006675226923,4816.866559386253,0.7379240798026296,3.397450642473621,3.710953946680974,4.369109347926421,8.58802773183218,-6.076763123805797,8.507829764487742
187,66.64550436689797,0.5606967164367088,0.0105845,4,255,111.39196072873857,3,245,89.17843702269042,1,255,82.17033246468573,105.0,57.96449439806421,80.0,53.69217130970048,72.0,52.4259300856933,7.5072813,7.5543957,7.666271,74.9274802706957,3370.7993260622025,0.652870987066818,2.038393740954025,2.4882009635600832,4.234864695273018,-8.174367674402646,-5.772795132217698,-7.609862987306871
188,66.64550436689797,0.3954438473785228,0.037367875,22,255,215.195609196402,26,255,213.3180996600244,33,255,218.4906922055375,235.0,45.71260326772408,233.0,43.73345308823929,238.0,49.949859615075816,6.334212,6.441361,6.3370085,108.03325008321916,8267.686099529266,0.4265226833166021,1.0264114941274085,1.953139244987347,2.0188873568095156,4.005095524075076,2.562126355811341,-5.52801299273979
189,66.64550436689797,0.3833399245864626,0.03958004166666667,30,255,180.75156881466984,31,255,178.97653173263882,27,255,185.15139574764638,195.0,39.114181010794134,193.0,37.44348798685312,195.0,42.98265802530537,6.97562,6.793273,6.723502,123.29210752272574,7677.924556732178,0.4408666265578455,1.0422113938056636,2.1149035481393432,2.2752998809735794,4.473010377461202,2.9222353269428942,-5.431745721586425
190,66.64550436689797,0.8032886136228862,0.023845125,1,255,79.79150051549094,1,255,68.84776979020685,1,255,71.69243001155043,82.0,61.01365562411755,66.0,53.789754225613024,68.0,57.21532692847228,7.278295,7.2094746,7.3934565,180.88876281046504,3155.981008052826,0.7796317275519836,2.878586955233361,4.648968323798116,6.690858268334307,-9.998735621848343,-8.315965149680894,-9.998597782364527
191,66.64550436689797,0.9453905239268735,0.011769375,5,255,79.30273485210557,5,255,72.77605721062787,1,255,54.56003752677323,75.0,45.50559584810389,71.0,44.16331125391191,48.0,35.30209793147851,6.783669,7.1979685,7.3130484,57.98976133324599,4835.025934815407,0.5979645842171728,2.1170957079247823,2.5194821300325962,3.5669867005047946,6.6918625111839205,4.752961022551995,-6.861403912380385
192,66.64550436689797,0.6611187219703848,0.0324855,1,255,187.3976380831199,2,255,186.92376727052581,1,255,175.94840330766775,215.0,59.43228216609491,212.0,59.43778937148673,192.0,60.31601477920724,7.3904324,7.114714,6.992203,105.32966664124561,7371.2138731479645,0.6682214912580687,1.95279003568163,2.9239674171442407,3.3406944816471964,6.5317670886147985,4.613882005203416,-6.78489950043586
193,66.64550436689797,0.6681689703697034,0.041817125,10,255,191.34150183686708,8,255,190.0207799635516,5,255,181.39798587301254,216.0,56.15907398083645,213.0,57.16336629235379,195.0,57.53008189038813,7.2696085,6.9794335,6.9093657,130.6863455762542,7645.997717618942,0.6816505663064787,2.0575916197034303,2.730435803639119,3.4272701616247,6.819320253224136,5.83454095280296,-6.564436010075621
194,66.64550436689797,0.919103178817801,0.022354625,3,255,143.8417534775615,1,255,110.47514962414564,2,255,110.49732530614527,133.0,62.00546944355667,94.0,58.787798411555855,97.0,59.54458732030131,7.71916,7.715638,7.728227,80.82317286037987,6601.244186758995,0.6409189445401903,2.9616143662757426,2.375295054734743,3.7181192703371857,6.765003865486493,5.368379048494436,8.11105630681045
195,66.64550436689797,0.9387028552260714,0.024717625,1,255,104.50579969353748,1,255,77.94752929104037,1,255,70.71760810824522,91.0,55.26018241159228,61.0,54.03290208585421,55.0,50.47127486495162,7.3809423,7.495204,7.5903816,105.40190522015143,5604.300973176956,0.7114834860873859,2.7497701685112244,3.3276712340668886,5.188155540635163,9.347516637299192,6.822439156100364,9.747558341077665
196,66.64550436689797,0.9154923234417085,0.02660525,3,248,90.89539815136737,1,230,55.4241500424548,1,249,80.84901354892162,93.0,53.041251138398124,47.0,40.96563613586504,77.0,49.57126277999073,7.487487,7.0696144,7.539471,113.51865500601498,5603.40060377121,0.667799649537179,2.501541135631846,2.3456864425530974,3.948085338823405,7.413953318929374,6.526324796039063,7.150821482776859
197,66.64550436689797,0.9588055960937377,0.023532875,1,255,70.3518994648846,1,255,47.22340044917073,1,255,57.59473883716646,57.0,54.463434966612915,31.0,42.63557245697926,41.0,50.80194246102847,7.1752863,6.8557034,7.3864183,92.01049184135317,6103.2441927194595,0.5796693596232009,3.0087419570846197,1.8085696904986448,3.079025943311019,5.696191262360601,4.61004404604246,5.652626858979463
198,66.64550436689797,0.9222159631140642,0.02349525,1,255,63.24777301513268,1,255,40.86280970911343,1,255,50.66850511073254,53.0,50.86940109117089,27.0,38.728491175495286,34.0,47.04314940589663,6.9533596,6.670438,7.214818,92.95772995504079,6038.007815718651,0.6549728437406794,2.3942852874255514,2.5288420177731084,3.441723403272732,6.427494319579771,5.057945435442888,7.702879359708884
199,66.64550436689797,0.7546769466386,0.03651925,1,255,73.69661409902129,1,255,60.29576179131181,1,255,49.777010648255555,65.0,52.85636190448513,50.0,47.795556831659894,33.0,47.41897314179945,6.9749537,7.2288127,7.466382,114.7107323237977,7614.666756153107,0.5921633721417875,2.0119949091395193,1.958181033632712,3.218609930670465,6.290425603193958,5.679775285937276,-5.831767386508536
200,66.64550436689797,0.7913524566018036,0.028376708333333334,4,255,140.88776593479687,1,230,74.58013358044344,1,255,91.14162813474158,141.0,83.31519714222995,59.0,50.70532370574052,89.0,51.53502893457467,7.585589,7.3746834,7.4466662,131.25637365371387,5172.194546461105,0.6978485180512954,2.1503241225343763,2.8426634890936406,4.947116501328941,-8.83291650241402,-6.146495029262005,9.26606619737384
201,66.64550436689797,0.9012232457320992,0.020289625,1,255,63.19108260633841,1,207,36.1025949260442,1,234,42.3198607323543,40.0,64.62949629182586,19.0,37.04047813066654,26.0,43.64114252310106,6.7031775,6.4414225,6.9975815,80.96959949495819,5981.726512432098,0.6788512210388299,2.418064212995876,2.80400006657706,4.067390031382089,-7.533767545644374,-5.436177963083956,7.92992089049077
202,66.64550436689797,0.8567281781229648,0.03662225,1,236,81.04080316039314,1,197,61.565969630209565,1,206,58.716395697720856,97.0,54.42810172443836,66.0,41.67281630782507,59.0,40.74911421301754,7.0806637,7.0679226,7.2910767,117.81257230373252,7433.298355817795,0.6902855495587495,3.0888018099485683,2.8134214916057916,4.695938545749738,8.607682435209862,6.576002255195392,-8.56294177858487
203,66.64550436689797,0.6731530927550716,0.06901879166666666,4,255,116.18697323373888,2,255,105.4775716275338,1,255,81.32255006331319,117.0,52.12791120254571,103.0,55.33725761934386,78.0,47.65913661763992,7.481969,7.6765227,7.6940403,163.50512069371695,10099.836586117744,0.6200358808666266,1.7079884669418486,2.7674647316122463,5.094729725243974,9.013972341856864,5.9999029117739,-9.331791686780111
204,66.64550436689797,0.7466220001571693,0.03745425,1,230,50.557769899608985,1,208,44.91841058423603,1,255,47.07941977961328,27.0,51.38129345712074,21.0,49.41981511081494,25.0,49.71733150876019,6.857576,6.672,6.9226346,130.30790465327578,6876.067897677422,0.7134269412497137,2.2753412406896363,4.104565356697715,4.47615075361413,9.14210661571575,-5.980728956054146,8.770736773334662
205,66.64550436689797,0.883333319539387,0.034826875,1,225,61.39235858537519,1,201,57.79008542304747,1,226,50.110304501218295,47.0,49.52138228095746,39.0,49.44539632619843,34.0,45.7237634299383,6.952194,7.045249,7.1777363,128.11225298138828,6508.07382273674,0.7375542225478388,2.543335571002,4.503035085833433,5.014443886776428,-9.779278642495987,-6.538450143813979,-9.59341801678867
206,66.64550436689797,0.949805102471418,0.021623041666666665,15,255,139.82972061053698,1,255,112.52905413868521,1,255,105.36268150652585,138.0,54.88564030024654,107.0,48.21922402088206,99.0,54.17174967900742,7.6956334,7.5842156,7.721408,97.24498504126099,5341.65334880352,0.6365066487584745,2.3911263751980583,2.315606625905186,3.516142094188583,7.321449401916034,4.718921790968956,-6.435526451283856
207,66.64550436689797,0.8886820643014645,0.0633095,13,255,187.23241048605132,11,255,170.20538518442467,10,255,152.6855211303201,201.0,55.810176983197444,184.0,53.60535328510341,166.0,48.713515733467695,7.3882356,7.519286,7.3531184,143.8230881730859,10532.55439889431,0.6010850089812463,1.916896902567356,3.0085127690968156,4.039267591154369,-8.145828340011965,-5.184429721500397,7.576446359722202
208,66.64550436689797,0.695371835824526,0.027100666666666665,19,255,154.78137530442055,17,255,135.69457854665322,13,255,126.91816160734054,158.0,45.545000786744296,132.0,49.59630297516832,127.0,54.5889174672709,7.620486,7.5300226,7.4597826,89.76552560986902,7059.530879974365,0.5428043828388968,1.4637516014116312,3.1279104380836866,2.4441231632313167,5.24672528779119,3.1989873530303305,5.796771919128271
209,66.64550436689797,0.968545464927117,0.010833,1,255,64.54684621272439,1,255,56.38295376307277,1,255,42.29866375112124,47.0,54.560804418254605,36.0,50.02751342522865,25.0,42.45119908813466,6.69478,7.060006,7.290838,79.07437554626821,3269.662241578102,0.7572438239769069,3.3486402066232888,4.392822570696123,4.784318254435191,9.324251205841835,-6.461740400612489,-9.523932195717931
210,66.64550436689797,0.867217809916516,0.012324125,1,255,57.09329388893585,1,255,47.99595980769361,1,255,37.61865818207721,38.0,51.851572451949025,29.0,45.87597747503047,19.0,46.786175311957855,6.488255,6.8970394,7.1734953,75.79590942050312,3879.7080508470535,0.7336498544271635,3.2033243119519765,3.9198248478789517,4.8022259434000825,9.111195996334388,-6.445083363494286,-9.636969458689384
211,66.64550436689797,0.9650897900884293,0.013546875,1,255,72.61243579096306,1,255,72.53509001264145,1,255,76.91892299222141,52.0,59.91080260436272,55.0,58.760370983120765,62.0,60.87832072223988,7.5738163,7.473777,7.4672804,62.90006410902854,5132.769013404846,0.6300374647809708,2.387304156319572,2.3083989396277977,4.030679875976951,-7.7970378512813285,5.224797033223586,7.213691914142029
212,66.64550436689797,0.9844571559543454,0.006400375,2,255,72.45839761993112,3,255,80.8242095189735,1,255,64.81648574200817,66.0,49.4612311793315,74.0,54.57306027050572,47.0,54.522747968784735,7.300205,7.5209904,7.4085236,67.52801006686093,2259.758577942848,0.7263957338691964,3.204148636359914,2.7541302030557584,3.9795489498550753,8.123735271890816,5.70687782977312,-7.351388506789388
213,66.64550436689797,0.8103707742924856,0.013624,4,255,117.5688062732433,2,255,101.40415198669015,1,255,74.7998782617739,113.0,52.044538007603535,107.0,50.80077160448332,67.0,46.894236972789656,7.287079,7.537262,7.597109,88.23304969245248,3687.0764541625977,0.642789004998373,2.5324624966950564,2.184993975310882,3.102088379062439,5.805324191951723,4.382671779508351,6.055066447509498
214,66.64550436689797,0.789184307333482,0.03511875,1,255,64.95951695613071,1,255,56.207022972495174,1,255,46.81997145003222,60.0,51.624487608165715,43.0,48.01866448264922,31.0,47.15272456699813,6.869334,7.0141506,7.192305,147.9291876264088,5682.3539254665375,0.7004164846356528,2.699778906160963,2.695898128240786,3.867757662427936,7.340981808885149,5.301297639116177,7.2642404739054225
215,66.64550436689797,0.9857988165680474,0.016076375,3,247,69.99023670862782,2,255,58.93270145373776,1,255,45.4171221817032,51.0,57.36548644777741,43.0,47.97927667830672,31.0,41.08701352174409,6.7507653,7.1304216,7.367356,101.5136099836953,3784.088656306267,0.7244185454950361,3.3368106759472447,3.835121312586008,3.771591708134535,-7.592247438774849,-5.443244806481793,8.107773479667433
216,66.64550436689797,0.8444278749278893,0.0360285,1,255,115.65423282289579,1,255,94.64417637704207,1,255,84.81505626087278,119.0,67.8750974696064,94.0,62.417485793960516,72.0,62.910206918717954,7.6896267,7.739826,7.8793845,133.84785189965316,6439.404800057411,0.6716768500789592,4.925981417150363,2.434510117828421,4.800980529700628,8.956452261091805,7.311593568724425,-8.422729820302404
217,66.64550436689797,0.8339036518686858,0.02317775,3,255,114.63219754577845,1,255,97.71399087434425,1,255,75.84601684639037,115.0,54.78655240608329,104.0,54.35260320048081,63.0,53.274533811724304,7.486221,7.59783,7.6864924,104.13605095742233,5319.07053232193,0.69932399991939,2.571830235143875,2.837006939217444,3.9426679771526065,7.331590081686201,5.23713837371055,9.291464536973123
218,66.64550436689797,0.7851001168210102,0.019377375,2,255,141.6508815048478,1,255,118.03080697634914,1,255,99.02352665227767,146.0,64.15728432171079,116.0,63.14326813498946,93.0,61.66344180726921,7.778201,7.843444,7.8364162,91.08612945685731,5082.832070708275,0.6357073198674872,2.9183716431493094,2.14285117546145,3.8695359170585197,7.180222134139801,5.708742523481453,-6.936467705145171
219,66.64550436689797,0.8379835397980944,0.04788425,1,255,89.9517208733281,1,255,74.29741458830081,1,255,65.75252489644073,80.0,63.1264385494182,62.0,57.89339780563883,48.0,58.04186816984746,7.3188877,7.5087194,7.6992292,188.1469890156292,6092.866572022438,0.7096124162265894,2.3282300222663705,2.99247421502664,4.084042418245297,7.867325975551462,-5.406554633097367,7.7034668679938845
220,66.64550436689797,0.6735850914735616,0.043416166666666665,1,255,86.24580944465664,1,255,76.0869840611756,1,255,64.88055706446109,73.0,69.15306055618244,58.0,65.6711917182429,43.0,64.15181447547008,7.2378674,7.4851294,7.6183033,187.06297834960637,5557.0776706933975,0.7036681889977309,2.0955833932549166,4.3626924428423735,5.077641619012537,9.921652405958481,6.812396883511296,-9.588285400301228
221,66.64550436689797,0.8246469471371102,0.038485875,1,255,94.69888951562874,1,255,80.74616464861154,1,255,69.6186093814816,81.0,65.11812060350474,64.0,60.950526298198994,48.0,62.48456431326421,7.310464,7.6011868,7.7440825,145.82674514208492,6315.155008792877,0.7024743818777072,3.546576768733576,2.8000557799554175,3.681441517678527,-7.817906655478574,-5.795514345883098,-6.92531670051474
222,66.64550436689797,0.8883679068193963,0.0401345,2,255,111.52193457831375,1,255,95.65841347226966,1,255,84.6108215072161,106.0,68.45712673465599,87.0,64.46151115597758,65.0,68.33706146630144,7.467005,7.7594137,7.850247,125.28356729779793,7661.918643474579,0.7085140601485865,2.9122500153656325,3.1846472033199884,4.754292370081943,9.030249660516017,-6.636809441048343,8.7457991183791
223,66.64550436689797,0.8831076457624365,0.007721125,18,255,143.70944972397157,14,255,136.4037462157393,1,255,125.04453882643728,139.0,59.170251111348094,131.0,57.78313120588826,125.0,58.555025218094244,7.7502365,7.7179813,7.7112117,99.82207264262922,1848.1433526277542,0.7804630349036208,3.492284015081924,5.140921820093815,5.055914756428319,9.895341338647548,6.814963109636879,-9.783633848222946
224,66.64550436689797,0.7492759607035895,0.022474,11,255,136.7709760908902,12,254,127.46873238705467,1,255,106.50630360380738,136.0,47.929159340927846,123.0,43.61530415652769,104.0,47.028084772936324,7.5071774,7.429077,7.5731063,96.72523804446979,5551.084813594818,0.49612943799455084,1.28342919561335,2.6367368298966625,2.84089910823395,-6.612690290140139,3.563779649096764,5.581572632501872
225,66.64550436689797,0.6316561071597827,0.032730125,15,240,106.04824683682082,8,236,87.06307517411966,1,246,74.34442534881353,106.0,35.34583617453668,86.0,39.81264192075397,69.0,42.34972837986179,7.1700087,7.146952,7.0800548,103.66939025499408,7540.369419336319,0.631502738196931,2.7646726784519493,2.4171897778618687,3.2808876831491447,-6.243037671513538,5.098574719810242,-6.325454118359331
226,66.64550436689797,0.8376974294147709,0.02533125,1,255,86.69796529319845,1,255,83.51539685072268,1,255,68.93588140856933,80.0,62.36405649121738,72.0,64.12619146271014,53.0,59.70833015612799,7.42124,7.5771546,7.647732,109.2132910984832,5544.229039430618,0.6565707347336774,2.265386797193614,2.465031460076774,3.049941151629271,5.838311628840642,4.187111670413862,6.24592408709337
227,66.64550436689797,0.8328782501406803,0.029271,3,255,85.493191497842,1,253,71.55288792091046,1,255,67.54897726172646,72.0,60.75422095534657,54.0,58.1498839256037,55.0,55.42551823428311,7.3970327,7.4582877,7.623174,111.26329236695375,6290.345046520233,0.7026955007306765,2.8720864770909134,3.0443502345916906,4.23834473291596,7.975464944890702,-5.780301341965973,8.0909459597288
228,66.64550436689797,0.6239688830385828,0.0130305,2,255,91.38113784326517,1,255,77.06552575368046,1,255,79.0561579662643,97.0,66.08754629695328,72.0,61.519545210685585,66.0,71.49688533047811,7.342702,7.323386,7.497416,98.20500850205234,3170.3729244470596,0.6941913071304702,2.4608661171618724,2.4347925768234724,3.7649439885845273,6.970328999140888,5.47047039452329,-7.070997206028582
229,66.64550436689797,0.9194285419290448,0.026777,4,255,100.58230568259091,1,250,80.20743768731153,1,236,54.90244871565137,97.0,43.770448303829205,83.0,38.25326483661868,51.0,31.026762874813027,6.858314,7.1854367,7.404986,110.13621281188524,5811.9031302928925,0.6557101334805274,2.780800645810876,2.451012782954389,3.681351610748286,6.769870311336286,-5.3184280409035205,-7.249360942787079
230,66.64550436689797,0.5154564378522091,0.026699625,2,234,83.8001314000977,1,223,73.2385036618804,1,255,77.44282425651791,76.0,56.36727695892045,63.0,52.23670586791476,58.0,61.88331792029773,7.4826097,7.3646426,7.4638305,110.16480218231422,5794.691111445427,0.6846250776883761,1.9937530851352359,4.314071075136655,4.393618335859717,-9.360994836949985,-6.264177336205528,8.731202168330668
231,66.64550436689797,0.6549255757580608,0.017302416666666667,14,255,148.1031118003747,7,242,124.11433614764796,8,255,121.5345809111444,154.0,48.96924572875449,126.0,46.144169182798585,113.0,58.618048341468665,7.7812715,7.5217056,7.541256,123.73125697968977,3344.421693444252,0.7126806591363132,2.2686869611145757,3.1725359638922916,4.644878830752133,8.568248710064452,6.354734291530271,8.950757121294965
232,66.64550436689797,0.7118189134227089,0.008178208333333332,17,255,149.51025336641584,10,255,128.509045889228,4,255,115.63683977236253,157.0,45.59258729260682,138.0,45.699162713776026,119.0,43.149168252282095,7.421192,7.413965,7.431943,80.0922214477362,2437.7211228609085,0.7183537351951803,2.464268356037031,3.5325345489528597,4.4961570552739225,9.156314017168867,-6.526274428184218,-8.504694720465485
233,66.64550436689797,0.7734623886484905,0.0129755,4,250,102.01143822331831,3,235,93.91405276611049,2,233,83.52421871989519,116.0,46.67989088401064,107.0,44.532821296517156,86.0,37.24256695383008,7.069102,7.199482,7.263448,81.16436447862148,3816.453217983246,0.6382904203628863,1.9466940629490195,3.0053074591467914,3.3736199767181567,6.564403258269898,4.352218767874582,7.645335516950622
234,66.64550436689797,0.9143523210206336,0.03939170833333333,7,255,121.85413279655934,8,249,112.36626785882393,4,255,93.6615647751589,123.0,55.30810218421019,120.0,46.374749547695885,92.0,40.507788826028985,7.316302,7.427909,7.6991606,112.42809443763448,8375.713425636292,0.5910483908259936,2.964898995838565,1.8813970401218252,3.576098845113965,-6.321826394012079,-5.070061531605382,6.865261984744712
235,66.64550436689797,0.6948395450872137,0.007349916666666667,2,255,83.38800893434166,1,255,80.85101787445365,1,255,71.85426705518204,82.0,53.315627175057486,75.0,54.2113083091733,54.0,58.630371507111136,7.3313227,7.4903545,7.469198,53.9029965973282,3245.904885530472,0.5437083727570821,2.2045235080381436,1.844184090516359,3.6123925139952777,-6.36318853811335,4.747512349422495,-6.842833405011378
236,66.64550436689797,0.9516321385294051,0.1181235,3,255,56.33528961919799,1,255,34.13413774238005,1,255,27.386757109936443,24.0,63.37191271586538,18.0,42.000823356111944,14.0,43.280928860738086,5.7549667,6.179898,6.6594477,334.3773855648005,8467.552299380302,0.7424487765212092,2.5496593641620144,2.9807404565453344,4.962405903878586,8.959651633760393,6.572353763282281,-9.154612952694086
237,66.64550436689797,0.4429713552827135,0.0686645,2,255,115.06118290427345,1,255,89.37522376720202,1,255,72.8341198767891,105.0,78.50006726118077,71.0,68.06048580777971,47.0,64.3949163126942,7.4738235,7.648057,7.7608147,171.65213835615,9576.967789292336,0.6181485191820965,1.5873252983946904,2.965807398781936,3.4076646325881303,6.598484502998922,4.299827168136055,7.449178504969159
238,66.64550436689797,0.500738843618308,0.07400491666666667,2,255,79.10462560398713,1,255,66.21155861554757,1,255,59.801541082423974,61.0,62.966194156943104,49.0,57.87441943081866,42.0,57.033633892618646,7.2260494,7.3384333,7.5430274,126.86829713890407,13953.414997458458,0.4148984293749177,1.0266392951950303,3.063875617739358,3.1465958796740234,-6.473491501936753,3.68824826409613,-6.348678443494353
239,66.64550436689797,0.6260811293885103,0.022765875,2,226,92.2892798248841,1,218,72.56511163537265,1,233,59.255988771971076,98.0,51.089708861839085,72.0,46.22140892323688,53.0,42.259300490824806,7.1888885,7.3577394,7.5093336,74.7732520093296,7264.850536823273,0.5928499371170861,1.7990806946407545,3.5521479487174976,4.025352651941493,-9.49125513774192,5.052455256171919,-7.811327686468375
240,66.64550436689797,0.8842981733447668,0.02347975,3,236,93.43841679177447,1,231,75.83548412284344,1,245,60.20971809164248,84.0,55.59098623368496,64.0,53.8798578830738,50.0,46.70103176455515,7.2530317,7.463422,7.5947394,84.85718936146905,6608.043516635895,0.5987953449899756,2.078992418226352,2.114458986054272,4.063319407435999,7.314849847714618,5.207834183085292,7.289591479531738
241,66.64550436689797,0.7942283441469941,0.020355916666666668,3,220,94.15029414052425,2,210,73.5110144061309,1,214,54.606720728772494,99.0,50.09626591515685,66.0,45.7667631402929,45.0,38.62381953425668,7.017269,7.3628325,7.4691133,53.90420682638905,8993.119990825653,0.5845823625244518,2.0681392903722786,3.1345080043406943,4.156552653692824,-7.839295874043997,5.712617200775657,-8.181384797827041
242,66.64550436689797,0.8759609713944158,0.02675120833333333,2,228,86.80148716023731,1,221,67.48615708111055,1,216,45.91551759572889,87.0,55.00009038581825,54.0,50.84452357549433,35.0,38.467564629015534,6.8948684,7.309745,7.528782,76.44708907319337,8351.645664215088,0.6294059956431852,2.5844358223218853,2.388913269617361,4.209844751564725,-8.452412129076333,-5.506928033940786,-7.510495276780095
243,66.64550436689797,0.8310884378091501,0.024148125,2,253,88.77204061737022,1,242,70.72093625216134,2,255,81.32869701753931,92.0,53.07329191814082,69.0,46.6177875457435,80.0,51.08373586854861,7.4796124,7.3208666,7.49371,112.90654673128965,5113.68487226963,0.6873566204775138,1.9560589387796465,3.284323935352604,4.209949072008613,7.954518999431853,5.209673821860383,9.01206666374286
244,66.64550436689797,0.6852908190477335,0.006230625,13,228,113.5008258936035,9,218,88.21972113552012,2,202,63.12108202093155,110.0,52.715141639539574,71.0,54.18640260792369,39.0,53.01093823543645,7.048124,7.4172482,7.6105394,49.26090743020405,3009.901922941208,0.6009583379346016,2.355037266860065,2.0613815513482643,3.658485136383566,-6.62386618912468,-5.105072765363965,6.725349556789749
245,66.64550436689797,0.6548809628195508,0.007295375,2,255,75.54136467739264,2,255,62.234743473319284,1,248,43.96049963732316,72.0,37.890965008328806,56.0,37.473170256139106,40.0,27.608286588934888,6.5248723,6.909477,7.07378,34.034977047064174,5081.022965312004,0.5219387048331104,1.8886741806163256,2.175799301647857,4.450064045079852,-7.765451437090585,-5.394484236209899,-8.568351232450283
246,66.64550436689797,0.985774501659215,0.00625025,7,214,98.70078530192126,7,208,75.14430089463089,1,204,55.72385001468351,98.0,46.799467155566,70.0,43.46632570423634,47.0,38.47385902589239,7.035477,7.2811174,7.4254427,54.6105031764109,2725.2358309030533,0.6705946619994096,2.0653718712131592,2.8130864812014287,3.6252989169836685,6.881106956387089,4.8282636150179865,-7.24653255181682
247,66.64550436689797,0.7147827735399606,0.020050375,7,255,89.27736596780193,2,255,65.28778763489461,1,255,56.72024832637418,82.0,52.39772591626998,52.0,46.710059840511875,46.0,39.2679592748331,6.941242,7.1864758,7.48533,89.72649792350688,5337.442239284515,0.634090234314555,2.0716123903642027,3.0684737790208416,4.085996137343729,-7.982272101841093,5.269461425542366,7.7165117603183475
248,66.64550436689797,0.7735221835751148,0.0070325,5,252,79.89334044318048,4,239,60.23562033416282,1,233,57.192360333457756,60.0,54.355530201034604,37.0,52.16396028410166,31.0,51.857601448776194,6.8997984,6.9973893,7.388831,47.731600256303366,3504.921249270439,0.6184108183638143,2.378088447778295,2.7016063000035895,3.8837824873986806,7.237954141014067,-5.537835906292745,7.47692712595527
249,66.64550436689797,0.9445252656477406,0.01195925,6,255,140.45174934325593,3,255,111.76824076203218,3,255,103.18029976796204,141.0,57.828557265181644,119.0,52.95813713739536,102.0,53.47460114681416,7.6632752,7.622864,7.761568,84.19625534207617,3391.576012969017,0.6346044716448543,3.448381510021987,1.9954451782760412,3.8229980908647527,6.871714622020805,5.593592070599275,6.893646657670035
250,66.64550436689797,0.7063774687065095,0.023366666666666668,3,255,127.06150353871365,1,255,101.62673057582437,1,255,78.60276162185548,125.0,62.59178457761771,96.0,60.36123553431987,63.0,59.83946465389906,7.6162505,7.791521,7.83678,109.75111633937524,5089.570098519325,0.6584981832144936,2.336665037026513,2.3666334734505963,3.2845250308329934,6.123708727920181,4.5332929958035875,6.717292122607658
